thisN,thisTrialN,thisRepN,mouse.x,mouse.y,mouse.leftButton,mouse.midButton,mouse.rightButton,mouse.time,mouse.clicked_name,trials.thisRepN,trials.thisTrialN,trials.thisN,trials.thisIndex,thisRow.t,notes,num_distr,trial.started,fixation.started,target.started,mouse.started,trial.stopped,trials.mouse.x,trials.mouse.y,trials.mouse.leftButton,trials.mouse.midButton,trials.mouse.rightButton,trials.mouse.time,trials.mouse.clicked_name,participant,session,date,expName,expVersion,psychopyVersion,frameRate,expStart,
0,0,0,[np.float64(0.18444444444444444)],[np.float64(-0.25555555555555554)],[1],[0],[0],[2.658127834001789],['target'],0,0,0,0,0.056652375002158806,,10,0.036902833002386615,0.056652375002158806,0.056652375002158806,0.0369244589965092,2.69509133300744,[np.float64(0.18444444444444444)],[np.float64(-0.25555555555555554)],[1],[0],[0],[2.658127834001789],['target'],P3,001,2025-09-30_15h48.15.179,VisualSearch_NupurShah,,2025.1.1,119.93020110369496,2025-09-30 15h48.29.379793 +0530,
1,0,1,[np.float64(-0.3477777777777778)],[np.float64(0.4766666666666667)],[1],[0],[0],[1.9831892919901293],['target'],1,0,1,0,2.7283286250021774,,10,2.7162345410033595,2.7283286250021774,2.7283286250021774,0.02091949999157805,4.699482125011855,[np.float64(-0.3477777777777778)],[np.float64(0.4766666666666667)],[1],[0],[0],[1.9831892919901293],['target'],P3,001,2025-09-30_15h48.15.179,VisualSearch_NupurShah,,2025.1.1,119.93020110369496,2025-09-30 15h48.29.379793 +0530,
2,0,2,[np.float64(-0.19666666666666666)],[np.float64(0.05)],[1],[0],[0],[1.6656695829879027],['target'],2,0,2,0,4.718830625002738,,5,4.709992041010992,4.718830625002738,4.718830625002738,0.010371749987825751,6.375748500009649,[np.float64(-0.19666666666666666)],[np.float64(0.05)],[1],[0],[0],[1.6656695829879027],['target'],P3,001,2025-09-30_15h48.15.179,VisualSearch_NupurShah,,2025.1.1,119.93020110369496,2025-09-30 15h48.29.379793 +0530,
3,0,3,[np.float64(0.19555555555555557)],[np.float64(0.2811111111111111)],[1],[0],[0],[1.3842626670084428],['target'],3,0,3,0,6.402831000013975,,5,6.391535000002477,6.402831000013975,6.402831000013975,0.015583457992761396,7.775871708014165,[np.float64(0.19555555555555557)],[np.float64(0.2811111111111111)],[1],[0],[0],[1.3842626670084428],['target'],P3,001,2025-09-30_15h48.15.179,VisualSearch_NupurShah,,2025.1.1,119.93020110369496,2025-09-30 15h48.29.379793 +0530,
4,0,4,[np.float64(0.41333333333333333)],[np.float64(0.19333333333333333)],[1],[0],[0],[1.369380791002186],['target'],4,0,4,0,7.819851750013186,,10,7.805848000003607,7.819851750013186,7.819851750013186,0.029765749990474433,9.17527454100491,[np.float64(0.41333333333333333)],[np.float64(0.19333333333333333)],[1],[0],[0],[1.369380791002186],['target'],P3,001,2025-09-30_15h48.15.179,VisualSearch_NupurShah,,2025.1.1,119.93020110369496,2025-09-30 15h48.29.379793 +0530,
5,0,5,[np.float64(-0.17444444444444446)],[np.float64(-0.18222222222222223)],[1],[0],[0],[2.0719368339923676],['target'],5,0,5,0,9.19761445801123,,5,9.18755666600191,9.19761445801123,9.19761445801123,0.01210566698864568,11.2595934580022,[np.float64(-0.17444444444444446)],[np.float64(-0.18222222222222223)],[1],[0],[0],[2.0719368339923676],['target'],P3,001,2025-09-30_15h48.15.179,VisualSearch_NupurShah,,2025.1.1,119.93020110369496,2025-09-30 15h48.29.379793 +0530,
6,0,6,[np.float64(0.4633333333333333)],[np.float64(-0.43333333333333335)],[1],[0],[0],[3.972629916999722],['target'],6,0,6,0,11.30173437501071,,10,11.287249083005008,11.30173437501071,11.30173437501071,0.027442749997135252,15.259928833009326,[np.float64(0.4633333333333333)],[np.float64(-0.43333333333333335)],[1],[0],[0],[3.972629916999722],['target'],P3,001,2025-09-30_15h48.15.179,VisualSearch_NupurShah,,2025.1.1,119.93020110369496,2025-09-30 15h48.29.379793 +0530,
7,0,7,[np.float64(0.4222222222222222)],[np.float64(-0.32222222222222224)],[1],[0],[0],[1.3919299999979557],['target'],7,0,7,0,15.29626154100697,,10,15.283435083008953,15.29626154100697,15.29626154100697,0.023327750008320436,16.675416875004885,[np.float64(0.4222222222222222)],[np.float64(-0.32222222222222224)],[1],[0],[0],[1.3919299999979557],['target'],P3,001,2025-09-30_15h48.15.179,VisualSearch_NupurShah,,2025.1.1,119.93020110369496,2025-09-30 15h48.29.379793 +0530,
8,0,8,[np.float64(-0.0811111111111111)],[np.float64(0.3322222222222222)],[1],[0],[0],[1.890286791996914],['target'],8,0,8,0,16.697502083014115,,5,16.68740512500517,16.697502083014115,16.697502083014115,0.011802708002505824,18.577769916009856,[np.float64(-0.0811111111111111)],[np.float64(0.3322222222222222)],[1],[0],[0],[1.890286791996914],['target'],P3,001,2025-09-30_15h48.15.179,VisualSearch_NupurShah,,2025.1.1,119.93020110369496,2025-09-30 15h48.29.379793 +0530,
9,0,9,[np.float64(-0.32222222222222224)],[np.float64(-0.07777777777777778)],[1],[0],[0],[1.4352320420002798],['target'],9,0,9,0,18.620627000011154,,10,18.606425083009526,18.620627000011154,18.620627000011154,0.028447333999793045,20.041708708013175,[np.float64(-0.32222222222222224)],[np.float64(-0.07777777777777778)],[1],[0],[0],[1.4352320420002798],['target'],P3,001,2025-09-30_15h48.15.179,VisualSearch_NupurShah,,2025.1.1,119.93020110369496,2025-09-30 15h48.29.379793 +0530,
10,0,10,[np.float64(0.11666666666666667)],[np.float64(-0.36777777777777776)],[1],[0],[0],[2.206285750013194],['target'],10,0,10,0,20.062685458004125,,5,20.053411375003634,20.062685458004125,20.062685458004125,0.011524249988724478,22.259776541002793,[np.float64(0.11666666666666667)],[np.float64(-0.36777777777777776)],[1],[0],[0],[2.206285750013194],['target'],P3,001,2025-09-30_15h48.15.179,VisualSearch_NupurShah,,2025.1.1,119.93020110369496,2025-09-30 15h48.29.379793 +0530,
11,0,11,[np.float64(0.08555555555555555)],[np.float64(0.05)],[1],[0],[0],[1.784950832996401],['target'],11,0,11,0,22.30340766601148,,10,22.28968420800811,22.30340766601148,22.30340766601148,0.02969629100698512,24.074683166007162,[np.float64(0.08555555555555555)],[np.float64(0.05)],[1],[0],[0],[1.784950832996401],['target'],P3,001,2025-09-30_15h48.15.179,VisualSearch_NupurShah,,2025.1.1,119.93020110369496,2025-09-30 15h48.29.379793 +0530,
12,0,12,[np.float64(-0.0022222222222222222)],[np.float64(-0.44555555555555554)],[1],[0],[0],[2.628522957995301],['target'],12,0,12,0,24.109421125001973,,10,24.097409916008473,24.109421125001973,24.109421125001973,0.022555333998752758,26.725983833006467,[np.float64(-0.0022222222222222222)],[np.float64(-0.44555555555555554)],[1],[0],[0],[2.628522957995301],['target'],P3,001,2025-09-30_15h48.15.179,VisualSearch_NupurShah,,2025.1.1,119.93020110369496,2025-09-30 15h48.29.379793 +0530,
13,0,13,[np.float64(-0.22777777777777777)],[np.float64(-0.48444444444444446)],[1],[0],[0],[1.9217019589996198],['target'],13,0,13,0,26.747858416012605,,5,26.737926500005415,26.747858416012605,26.747858416012605,0.011770583005272783,28.65970925000147,[np.float64(-0.22777777777777777)],[np.float64(-0.48444444444444446)],[1],[0],[0],[1.9217019589996198],['target'],P3,001,2025-09-30_15h48.15.179,VisualSearch_NupurShah,,2025.1.1,119.93020110369496,2025-09-30 15h48.29.379793 +0530,
14,0,14,[np.float64(0.48777777777777775)],[np.float64(-0.04666666666666667)],[1],[0],[0],[2.4006225829944015],['target'],14,0,14,0,28.6863736660016,,5,28.675551125008496,28.6863736660016,28.6863736660016,0.01564299999154173,31.07624316601141,[np.float64(0.48777777777777775)],[np.float64(-0.04666666666666667)],[1],[0],[0],[2.4006225829944015],['target'],P3,001,2025-09-30_15h48.15.179,VisualSearch_NupurShah,,2025.1.1,119.93020110369496,2025-09-30 15h48.29.379793 +0530,
15,0,15,[np.float64(0.3844444444444444)],[np.float64(0.3877777777777778)],[1],[0],[0],[2.4553278750099707],['target'],15,0,15,0,31.117166875003022,,10,31.102966416001436,31.117166875003022,31.117166875003022,0.026501458007260226,33.55834000000323,[np.float64(0.3844444444444444)],[np.float64(0.3877777777777778)],[1],[0],[0],[2.4553278750099707],['target'],P3,001,2025-09-30_15h48.15.179,VisualSearch_NupurShah,,2025.1.1,119.93020110369496,2025-09-30 15h48.29.379793 +0530,
16,0,16,[np.float64(0.41333333333333333)],[np.float64(0.37333333333333335)],[1],[0],[0],[1.0282150419952814],['target'],16,0,16,0,33.59270008301246,,10,33.58046783300233,33.59270008301246,33.59270008301246,0.021955040996544994,34.60873612501018,[np.float64(0.41333333333333333)],[np.float64(0.37333333333333335)],[1],[0],[0],[1.0282150419952814],['target'],P3,001,2025-09-30_15h48.15.179,VisualSearch_NupurShah,,2025.1.1,119.93020110369496,2025-09-30 15h48.29.379793 +0530,
17,0,17,[np.float64(-0.07)],[np.float64(-0.3655555555555556)],[1],[0],[0],[2.0775659159990028],['target'],17,0,17,0,34.642885541004944,,10,34.63080979100778,34.642885541004944,34.642885541004944,0.021898749997490086,36.708419416012475,[np.float64(-0.07)],[np.float64(-0.3655555555555556)],[1],[0],[0],[2.0775659159990028],['target'],P3,001,2025-09-30_15h48.15.179,VisualSearch_NupurShah,,2025.1.1,119.93020110369496,2025-09-30 15h48.29.379793 +0530,
18,0,18,[np.float64(-0.44)],[np.float64(0.09111111111111111)],[1],[0],[0],[2.4223625409940723],['target'],18,0,18,0,36.72992162501032,,5,36.71995566600526,36.72992162501032,36.72992162501032,0.011382958997273818,39.142400625001756,[np.float64(-0.44)],[np.float64(0.09111111111111111)],[1],[0],[0],[2.4223625409940723],['target'],P3,001,2025-09-30_15h48.15.179,VisualSearch_NupurShah,,2025.1.1,119.93020110369496,2025-09-30 15h48.29.379793 +0530,
19,0,19,[np.float64(-0.38)],[np.float64(0.13444444444444445)],[1],[0],[0],[1.2683260000048904],['target'],19,0,19,0,39.16995962501096,,5,39.15872808301356,39.16995962501096,39.16995962501096,0.016125082998769358,40.42712283300352,[np.float64(-0.38)],[np.float64(0.13444444444444445)],[1],[0],[0],[1.2683260000048904],['target'],P3,001,2025-09-30_15h48.15.179,VisualSearch_NupurShah,,2025.1.1,119.93020110369496,2025-09-30 15h48.29.379793 +0530,
20,0,20,[np.float64(0.4811111111111111)],[np.float64(-0.39111111111111113)],[1],[0],[0],[3.248070415997063],['target'],20,0,20,0,40.45529433300544,,5,40.444499416000326,40.45529433300544,40.45529433300544,0.017179625006974675,43.69263425000827,[np.float64(0.4811111111111111)],[np.float64(-0.39111111111111113)],[1],[0],[0],[3.248070415997063],['target'],P3,001,2025-09-30_15h48.15.179,VisualSearch_NupurShah,,2025.1.1,119.93020110369496,2025-09-30 15h48.29.379793 +0530,
21,0,21,[np.float64(-0.3277777777777778)],[np.float64(0.29444444444444445)],[1],[0],[0],[2.9216292499913834],['target'],21,0,21,0,43.73394133300462,,10,43.71991870801139,43.73394133300462,43.73394133300462,0.027079458988737315,46.64159725001082,[np.float64(-0.3277777777777778)],[np.float64(0.29444444444444445)],[1],[0],[0],[2.9216292499913834],['target'],P3,001,2025-09-30_15h48.15.179,VisualSearch_NupurShah,,2025.1.1,119.93020110369496,2025-09-30 15h48.29.379793 +0530,
22,0,22,[np.float64(-0.051111111111111114)],[np.float64(-0.4411111111111111)],[1],[0],[0],[2.7561455000104615],['target'],22,0,22,0,46.66414445800183,,5,46.65411991601286,46.66414445800183,46.66414445800183,0.01234808299341239,49.41034716600552,[np.float64(-0.051111111111111114)],[np.float64(-0.4411111111111111)],[1],[0],[0],[2.7561455000104615],['target'],P3,001,2025-09-30_15h48.15.179,VisualSearch_NupurShah,,2025.1.1,119.93020110369496,2025-09-30 15h48.29.379793 +0530,
23,0,23,[np.float64(-0.057777777777777775)],[np.float64(0.2866666666666667)],[1],[0],[0],[1.7833739159977995],['target'],23,0,23,0,49.43746433300839,,5,49.42630429100245,49.43746433300839,49.43746433300839,0.015757625005790032,51.209751375005,[np.float64(-0.057777777777777775)],[np.float64(0.2866666666666667)],[1],[0],[0],[1.7833739159977995],['target'],P3,001,2025-09-30_15h48.15.179,VisualSearch_NupurShah,,2025.1.1,119.93020110369496,2025-09-30 15h48.29.379793 +0530,
24,0,24,[np.float64(0.2544444444444444)],[np.float64(0.07222222222222222)],[1],[0],[0],[1.6219672500010347],['target'],24,0,24,0,51.251329250007984,,10,51.23700825001288,51.251329250007984,51.251329250007984,0.02705483400495723,52.859024458011845,[np.float64(0.2544444444444444)],[np.float64(0.07222222222222222)],[1],[0],[0],[1.6219672500010347],['target'],P3,001,2025-09-30_15h48.15.179,VisualSearch_NupurShah,,2025.1.1,119.93020110369496,2025-09-30 15h48.29.379793 +0530,
25,0,25,[np.float64(-0.40555555555555556)],[np.float64(-0.04555555555555556)],[1],[0],[0],[1.7214352910086745],['target'],25,0,25,0,52.88257654100016,,5,52.87186370800191,52.88257654100016,52.88257654100016,0.012669874995481223,54.593377500001225,[np.float64(-0.40555555555555556)],[np.float64(-0.04555555555555556)],[1],[0],[0],[1.7214352910086745],['target'],P3,001,2025-09-30_15h48.15.179,VisualSearch_NupurShah,,2025.1.1,119.93020110369496,2025-09-30 15h48.29.379793 +0530,
26,0,26,[np.float64(0.37444444444444447)],[np.float64(-0.10888888888888888)],[1],[0],[0],[2.1007876660005422],['target'],26,0,26,0,54.619257833008305,,5,54.60855704100686,54.619257833008305,54.619257833008305,0.014976582999224775,56.70942058300716,[np.float64(0.37444444444444447)],[np.float64(-0.10888888888888888)],[1],[0],[0],[2.1007876660005422],['target'],P3,001,2025-09-30_15h48.15.179,VisualSearch_NupurShah,,2025.1.1,119.93020110369496,2025-09-30 15h48.29.379793 +0530,
27,0,27,[np.float64(0.16111111111111112)],[np.float64(-0.4122222222222222)],[1],[0],[0],[2.451662583000143],['target'],27,0,27,0,56.73627704101091,,5,56.725069291002,56.73627704101091,56.73627704101091,0.015447334008058533,59.17680525001197,[np.float64(0.16111111111111112)],[np.float64(-0.4122222222222222)],[1],[0],[0],[2.451662583000143],['target'],P3,001,2025-09-30_15h48.15.179,VisualSearch_NupurShah,,2025.1.1,119.93020110369496,2025-09-30 15h48.29.379793 +0530,
28,0,28,[np.float64(-0.23222222222222222)],[np.float64(-0.30333333333333334)],[1],[0],[0],[2.4696877089882037],['target'],28,0,28,0,59.220639000006486,,10,59.2061457910022,59.220639000006486,59.220639000006486,0.029140250000637025,61.67588208300003,[np.float64(-0.23222222222222222)],[np.float64(-0.30333333333333334)],[1],[0],[0],[2.4696877089882037],['target'],P3,001,2025-09-30_15h48.15.179,VisualSearch_NupurShah,,2025.1.1,119.93020110369496,2025-09-30 15h48.29.379793 +0530,
29,0,29,[np.float64(-0.17)],[np.float64(0.14666666666666667)],[1],[0],[0],[2.1225802919943817],['target'],29,0,29,0,61.69792762500583,,5,61.6879579580127,61.69792762500583,61.69792762500583,0.01190383400535211,63.810611916007474,[np.float64(-0.17)],[np.float64(0.14666666666666667)],[1],[0],[0],[2.1225802919943817],['target'],P3,001,2025-09-30_15h48.15.179,VisualSearch_NupurShah,,2025.1.1,119.93020110369496,2025-09-30 15h48.29.379793 +0530,
30,0,30,[np.float64(-0.3488888888888889)],[np.float64(0.23555555555555555)],[1],[0],[0],[1.5492420000082348],['target'],30,0,30,0,63.837894625001354,,5,63.82654541601369,63.837894625001354,63.837894625001354,0.015731916995719075,65.37584925000556,[np.float64(-0.3488888888888889)],[np.float64(0.23555555555555555)],[1],[0],[0],[1.5492420000082348],['target'],P3,001,2025-09-30_15h48.15.179,VisualSearch_NupurShah,,2025.1.1,119.93020110369496,2025-09-30 15h48.29.379793 +0530,
31,0,31,[np.float64(0.4633333333333333)],[np.float64(-0.2811111111111111)],[1],[0],[0],[2.839761750001344],['target'],31,0,31,0,65.41588766600762,,10,65.40274741601024,65.41588766600762,65.41588766600762,0.026699374997406267,68.24255579100281,[np.float64(0.4633333333333333)],[np.float64(-0.2811111111111111)],[1],[0],[0],[2.839761750001344],['target'],P3,001,2025-09-30_15h48.15.179,VisualSearch_NupurShah,,2025.1.1,119.93020110369496,2025-09-30 15h48.29.379793 +0530,
32,0,32,[np.float64(0.15333333333333332)],[np.float64(0.3988888888888889)],[1],[0],[0],[2.8708672920038225],['target'],32,0,32,0,68.26595833300962,,5,68.25543370800733,68.26595833300962,68.26595833300962,0.012707542002317496,71.12638366600731,[np.float64(0.15333333333333332)],[np.float64(0.3988888888888889)],[1],[0],[0],[2.8708672920038225],['target'],P3,001,2025-09-30_15h48.15.179,VisualSearch_NupurShah,,2025.1.1,119.93020110369496,2025-09-30 15h48.29.379793 +0530,
33,0,33,[np.float64(-0.21222222222222223)],[np.float64(0.2922222222222222)],[1],[0],[0],[1.5851643339992734],['target'],33,0,33,0,71.15341933300078,,5,71.14223291601229,71.15341933300078,71.15341933300078,0.015644749990315177,72.72746933301096,[np.float64(-0.21222222222222223)],[np.float64(0.2922222222222222)],[1],[0],[0],[1.5851643339992734],['target'],P3,001,2025-09-30_15h48.15.179,VisualSearch_NupurShah,,2025.1.1,119.93020110369496,2025-09-30 15h48.29.379793 +0530,
34,0,34,[np.float64(0.18333333333333332)],[np.float64(-0.40444444444444444)],[1],[0],[0],[2.6693983750010375],['target'],34,0,34,0,72.77072720800061,,10,72.75648483300756,72.77072720800061,72.77072720800061,0.028816374993766658,75.42592450001393,[np.float64(0.18333333333333332)],[np.float64(-0.40444444444444444)],[1],[0],[0],[2.6693983750010375],['target'],P3,001,2025-09-30_15h48.15.179,VisualSearch_NupurShah,,2025.1.1,119.93020110369496,2025-09-30 15h48.29.379793 +0530,
35,0,35,[np.float64(-0.03333333333333333)],[np.float64(-0.044444444444444446)],[1],[0],[0],[1.8722762499965029],['target'],35,0,35,0,75.44716091601003,,5,75.43719087500358,75.44716091601003,75.44716091601003,0.011115458008134738,77.30954720800219,[np.float64(-0.03333333333333333)],[np.float64(-0.044444444444444446)],[1],[0],[0],[1.8722762499965029],['target'],P3,001,2025-09-30_15h48.15.179,VisualSearch_NupurShah,,2025.1.1,119.93020110369496,2025-09-30 15h48.29.379793 +0530,
36,0,36,[np.float64(-0.4066666666666667)],[np.float64(0.3711111111111111)],[1],[0],[0],[2.4023626249982044],['target'],36,0,36,0,77.3353832080029,,5,77.32412195800862,77.3353832080029,77.3353832080029,0.014410999996471219,79.72655408301216,[np.float64(-0.4066666666666667)],[np.float64(0.3711111111111111)],[1],[0],[0],[2.4023626249982044],['target'],P3,001,2025-09-30_15h48.15.179,VisualSearch_NupurShah,,2025.1.1,119.93020110369496,2025-09-30 15h48.29.379793 +0530,
37,0,37,[np.float64(-0.2111111111111111)],[np.float64(-0.25222222222222224)],[1],[0],[0],[1.9390153330023168],['target'],37,0,37,0,79.76831954100635,,10,79.75462929101195,79.76831954100635,79.76831954100635,0.027875540996319614,81.69369404100871,[np.float64(-0.2111111111111111)],[np.float64(-0.25222222222222224)],[1],[0],[0],[1.9390153330023168],['target'],P3,001,2025-09-30_15h48.15.179,VisualSearch_NupurShah,,2025.1.1,119.93020110369496,2025-09-30 15h48.29.379793 +0530,
38,0,38,[np.float64(-0.0044444444444444444)],[np.float64(0.3377777777777778)],[1],[0],[0],[2.1756180000083987],['target'],38,0,38,0,81.72937466601434,,10,81.71733954100637,81.72937466601434,81.72937466601434,0.023471249995054677,83.89300800001365,[np.float64(-0.0044444444444444444)],[np.float64(0.3377777777777778)],[1],[0],[0],[2.1756180000083987],['target'],P3,001,2025-09-30_15h48.15.179,VisualSearch_NupurShah,,2025.1.1,119.93020110369496,2025-09-30 15h48.29.379793 +0530,
39,0,39,[np.float64(0.035555555555555556)],[np.float64(0.36777777777777776)],[1],[0],[0],[1.2943468750017928],['target'],39,0,39,0,83.92800633300794,,10,83.91550845801248,83.92800633300794,83.92800633300794,0.022325209007249214,85.20990587500273,[np.float64(0.035555555555555556)],[np.float64(0.36777777777777776)],[1],[0],[0],[1.2943468750017928],['target'],P3,001,2025-09-30_15h48.15.179,VisualSearch_NupurShah,,2025.1.1,119.93020110369496,2025-09-30 15h48.29.379793 +0530,
40,0,40,[np.float64(-0.4888888888888889)],[np.float64(-0.25)],[1],[0],[0],[2.5550269579980522],['target'],40,0,40,0,85.23257954101427,,5,85.22210120801174,85.23257954101427,85.23257954101427,0.01201933300762903,87.77719929101295,[np.float64(-0.4888888888888889)],[np.float64(-0.25)],[1],[0],[0],[2.5550269579980522],['target'],P3,001,2025-09-30_15h48.15.179,VisualSearch_NupurShah,,2025.1.1,119.93020110369496,2025-09-30 15h48.29.379793 +0530,
41,0,41,[np.float64(-0.33111111111111113)],[np.float64(0.2777777777777778)],[1],[0],[0],[2.117169125005603],['target'],41,0,41,0,87.80379600000742,,5,87.79310829100723,87.80379600000742,87.80379600000742,0.015707624988863245,89.91034741600743,[np.float64(-0.33111111111111113)],[np.float64(0.2777777777777778)],[1],[0],[0],[2.117169125005603],['target'],P3,001,2025-09-30_15h48.15.179,VisualSearch_NupurShah,,2025.1.1,119.93020110369496,2025-09-30 15h48.29.379793 +0530,
42,0,42,[np.float64(-0.05333333333333334)],[np.float64(0.2544444444444444)],[1],[0],[0],[1.8535123330075294],['target'],42,0,42,0,89.95355433301302,,10,89.93942375000915,89.95355433301302,89.95355433301302,0.028878791999886744,91.79298508301144,[np.float64(-0.05333333333333334)],[np.float64(0.2544444444444444)],[1],[0],[0],[1.8535123330075294],['target'],P3,001,2025-09-30_15h48.15.179,VisualSearch_NupurShah,,2025.1.1,119.93020110369496,2025-09-30 15h48.29.379793 +0530,
43,0,43,[np.float64(0.08666666666666667)],[np.float64(0.4622222222222222)],[1],[0],[0],[1.6210816249949858],['target'],43,0,43,0,91.81601679101004,,5,91.80565870800638,91.81601679101004,91.81601679101004,0.012473583003156818,93.42679891601438,[np.float64(0.08666666666666667)],[np.float64(0.4622222222222222)],[1],[0],[0],[1.6210816249949858],['target'],P3,001,2025-09-30_15h48.15.179,VisualSearch_NupurShah,,2025.1.1,119.93020110369496,2025-09-30 15h48.29.379793 +0530,
44,0,44,[np.float64(-0.41333333333333333)],[np.float64(0.1622222222222222)],[1],[0],[0],[2.451878874999238],['target'],44,0,44,0,93.45281637500739,,5,93.44153958300012,93.45281637500739,93.45281637500739,0.014573666994692758,95.89348883301136,[np.float64(-0.41333333333333333)],[np.float64(0.1622222222222222)],[1],[0],[0],[2.451878874999238],['target'],P3,001,2025-09-30_15h48.15.179,VisualSearch_NupurShah,,2025.1.1,119.93020110369496,2025-09-30 15h48.29.379793 +0530,
45,0,45,[np.float64(-0.35777777777777775)],[np.float64(-0.4011111111111111)],[1],[0],[0],[1.3193114579917165],['target'],45,0,45,0,95.93703933300276,,10,95.92321587500919,95.93703933300276,95.93703933300276,0.029522750002797693,97.24257787500392,[np.float64(-0.35777777777777775)],[np.float64(-0.4011111111111111)],[1],[0],[0],[1.3193114579917165],['target'],P3,001,2025-09-30_15h48.15.179,VisualSearch_NupurShah,,2025.1.1,119.93020110369496,2025-09-30 15h48.29.379793 +0530,
46,0,46,[np.float64(0.32)],[np.float64(-0.19666666666666666)],[1],[0],[0],[3.0123689169995487],['target'],46,0,46,0,97.27734862500802,,10,97.26501916600682,97.27734862500802,97.27734862500802,0.022266165993642062,100.27744054100185,[np.float64(0.32)],[np.float64(-0.19666666666666666)],[1],[0],[0],[3.0123689169995487],['target'],P3,001,2025-09-30_15h48.15.179,VisualSearch_NupurShah,,2025.1.1,119.93020110369496,2025-09-30 15h48.29.379793 +0530,
47,0,47,[np.float64(-0.21777777777777776)],[np.float64(0.3466666666666667)],[1],[0],[0],[2.3763167500001146],['target'],47,0,47,0,100.31392591600888,,10,100.30050691601355,100.31392591600888,100.31392591600888,0.022889166997629218,102.67687375000969,[np.float64(-0.21777777777777776)],[np.float64(0.3466666666666667)],[1],[0],[0],[2.3763167500001146],['target'],P3,001,2025-09-30_15h48.15.179,VisualSearch_NupurShah,,2025.1.1,119.93020110369496,2025-09-30 15h48.29.379793 +0530,
48,0,48,[np.float64(-0.4666666666666667)],[np.float64(-0.48)],[1],[0],[0],[2.8099806670070393],['target'],48,0,48,0,102.71202691600774,,10,102.69991379100247,102.71202691600774,102.71202691600774,0.022868000000016764,105.5099492080044,[np.float64(-0.4666666666666667)],[np.float64(-0.48)],[1],[0],[0],[2.8099806670070393],['target'],P3,001,2025-09-30_15h48.15.179,VisualSearch_NupurShah,,2025.1.1,119.93020110369496,2025-09-30 15h48.29.379793 +0530,
49,0,49,[np.float64(-0.015555555555555555)],[np.float64(0.42444444444444446)],[1],[0],[0],[2.9715348750032717],['target'],49,0,49,0,105.53252741601318,,5,105.52229125000304,105.53252741601318,105.53252741601318,0.01217000000178814,108.49389804100792,[np.float64(-0.015555555555555555)],[np.float64(0.42444444444444446)],[1],[0],[0],[2.9715348750032717],['target'],P3,001,2025-09-30_15h48.15.179,VisualSearch_NupurShah,,2025.1.1,119.93020110369496,2025-09-30 15h48.29.379793 +0530,
50,0,50,[np.float64(-0.16333333333333333)],[np.float64(-0.34555555555555556)],[1],[0],[0],[2.352164540992817],['target'],50,0,50,0,108.53771087501082,,10,108.52376654100954,108.53771087501082,108.53771087501082,0.029664583009434864,110.87597808300052,[np.float64(-0.16333333333333333)],[np.float64(-0.34555555555555556)],[1],[0],[0],[2.352164540992817],['target'],P3,001,2025-09-30_15h48.15.179,VisualSearch_NupurShah,,2025.1.1,119.93020110369496,2025-09-30 15h48.29.379793 +0530,
51,0,51,[np.float64(0.10444444444444445)],[np.float64(-0.10222222222222223)],[1],[0],[0],[1.9876422910019755],['target'],51,0,51,0,110.89864945800218,,5,110.88856858300278,110.89864945800218,110.89864945800218,0.01242100000672508,112.87626912500127,[np.float64(0.10444444444444445)],[np.float64(-0.10222222222222223)],[1],[0],[0],[1.9876422910019755],['target'],P3,001,2025-09-30_15h48.15.179,VisualSearch_NupurShah,,2025.1.1,119.93020110369496,2025-09-30 15h48.29.379793 +0530,
52,0,52,[np.float64(-0.3211111111111111)],[np.float64(-0.42444444444444446)],[1],[0],[0],[2.0077837919961894],['target'],52,0,52,0,112.89592620800249,,5,112.88649454100232,112.89592620800249,112.89592620800249,0.010112083007697947,114.8943944160128,[np.float64(-0.3211111111111111)],[np.float64(-0.42444444444444446)],[1],[0],[0],[2.0077837919961894],['target'],P3,001,2025-09-30_15h48.15.179,VisualSearch_NupurShah,,2025.1.1,119.93020110369496,2025-09-30 15h48.29.379793 +0530,
53,0,53,[np.float64(0.20333333333333334)],[np.float64(-0.3088888888888889)],[1],[0],[0],[1.7470485000085318],['target'],53,0,53,0,114.9217565410072,,5,114.91110754100373,114.9217565410072,114.9217565410072,0.016492083988850936,116.65818825000315,[np.float64(0.20333333333333334)],[np.float64(-0.3088888888888889)],[1],[0],[0],[1.7470485000085318],['target'],P3,001,2025-09-30_15h48.15.179,VisualSearch_NupurShah,,2025.1.1,119.93020110369496,2025-09-30 15h48.29.379793 +0530,
54,0,54,[np.float64(-0.3477777777777778)],[np.float64(0.35)],[1],[0],[0],[2.749066666001454],['target'],54,0,54,0,116.68987741600722,,10,116.67733633301395,116.68987741600722,116.68987741600722,0.019041167004616,119.42645845800871,[np.float64(-0.3477777777777778)],[np.float64(0.35)],[1],[0],[0],[2.749066666001454],['target'],P3,001,2025-09-30_15h48.15.179,VisualSearch_NupurShah,,2025.1.1,119.93020110369496,2025-09-30 15h48.29.379793 +0530,
55,0,55,[np.float64(-0.40444444444444444)],[np.float64(-0.3322222222222222)],[1],[0],[0],[1.8551606670080218],['target'],55,0,55,0,119.44985754101072,,5,119.43909954100673,119.44985754101072,119.44985754101072,0.012470874993596226,121.29433950000384,[np.float64(-0.40444444444444444)],[np.float64(-0.3322222222222222)],[1],[0],[0],[1.8551606670080218],['target'],P3,001,2025-09-30_15h48.15.179,VisualSearch_NupurShah,,2025.1.1,119.93020110369496,2025-09-30 15h48.29.379793 +0530,
56,0,56,[np.float64(0.21222222222222223)],[np.float64(0.10222222222222223)],[1],[0],[0],[1.5991502500110073],['target'],56,0,56,0,121.32274366600905,,5,121.31158345800941,121.32274366600905,121.32274366600905,0.017035249999025837,122.91080016600608,[np.float64(0.21222222222222223)],[np.float64(0.10222222222222223)],[1],[0],[0],[1.5991502500110073],['target'],P3,001,2025-09-30_15h48.15.179,VisualSearch_NupurShah,,2025.1.1,119.93020110369496,2025-09-30 15h48.29.379793 +0530,
57,0,57,[np.float64(0.2688888888888889)],[np.float64(0.22444444444444445)],[1],[0],[0],[1.4676575420016889],['target'],57,0,57,0,122.93719179100299,,5,122.9265212080063,122.93719179100299,122.93719179100299,0.015523166002822109,124.39424729101302,[np.float64(0.2688888888888889)],[np.float64(0.22444444444444445)],[1],[0],[0],[1.4676575420016889],['target'],P3,001,2025-09-30_15h48.15.179,VisualSearch_NupurShah,,2025.1.1,119.93020110369496,2025-09-30 15h48.29.379793 +0530,
58,0,58,[np.float64(0.35888888888888887)],[np.float64(-0.07777777777777778)],[1],[0],[0],[2.1669067079928936],['target'],58,0,58,0,124.42329350000364,,5,124.41147358300805,124.42329350000364,124.42329350000364,0.017027083013090305,126.57844633300556,[np.float64(0.35888888888888887)],[np.float64(-0.07777777777777778)],[1],[0],[0],[2.1669067079928936],['target'],P3,001,2025-09-30_15h48.15.179,VisualSearch_NupurShah,,2025.1.1,119.93020110369496,2025-09-30 15h48.29.379793 +0530,
59,0,59,[np.float64(-0.3388888888888889)],[np.float64(0.21222222222222223)],[1],[0],[0],[2.6183860000019195],['target'],59,0,59,0,126.62281670801167,,10,126.60887679101143,126.62281670801167,126.62281670801167,0.030232000004616566,129.22728254100366,[np.float64(-0.3388888888888889)],[np.float64(0.21222222222222223)],[1],[0],[0],[2.6183860000019195],['target'],P3,001,2025-09-30_15h48.15.179,VisualSearch_NupurShah,,2025.1.1,119.93020110369496,2025-09-30 15h48.29.379793 +0530,
60,0,60,[np.float64(-0.23777777777777778)],[np.float64(0.21666666666666667)],[1],[0],[0],[1.3586187079927186],['target'],60,0,60,0,129.2634078750125,,10,129.2511325830128,129.2634078750125,129.2634078750125,0.023680750004132278,130.60980391601333,[np.float64(-0.23777777777777778)],[np.float64(0.21666666666666667)],[1],[0],[0],[1.3586187079927186],['target'],P3,001,2025-09-30_15h48.15.179,VisualSearch_NupurShah,,2025.1.1,119.93020110369496,2025-09-30 15h48.29.379793 +0530,
61,0,61,[np.float64(0.2111111111111111)],[np.float64(0.29777777777777775)],[1],[0],[0],[1.7059348749899073],['target'],61,0,61,0,130.63318795801024,,5,130.6226928330143,130.63318795801024,130.63318795801024,0.012719750011456199,132.32870995800477,[np.float64(0.2111111111111111)],[np.float64(0.29777777777777775)],[1],[0],[0],[1.7059348749899073],['target'],P3,001,2025-09-30_15h48.15.179,VisualSearch_NupurShah,,2025.1.1,119.93020110369496,2025-09-30 15h48.29.379793 +0530,
62,0,62,[np.float64(-0.043333333333333335)],[np.float64(0.4955555555555556)],[1],[0],[0],[1.8035410419979598],['target'],62,0,62,0,132.3576353330136,,5,132.3459263750119,132.3576353330136,132.3576353330136,0.017022499989252537,134.1495461660088,[np.float64(-0.043333333333333335)],[np.float64(0.4955555555555556)],[1],[0],[0],[1.8035410419979598],['target'],P3,001,2025-09-30_15h48.15.179,VisualSearch_NupurShah,,2025.1.1,119.93020110369496,2025-09-30 15h48.29.379793 +0530,
63,0,63,[np.float64(0.30777777777777776)],[np.float64(0.4766666666666667)],[1],[0],[0],[2.053796416003024],['target'],63,0,63,0,134.18966529100726,,10,134.1761658750038,134.18966529100726,134.18966529100726,0.026423250004881993,136.23002250000718,[np.float64(0.30777777777777776)],[np.float64(0.4766666666666667)],[1],[0],[0],[2.053796416003024],['target'],P3,001,2025-09-30_15h48.15.179,VisualSearch_NupurShah,,2025.1.1,119.93020110369496,2025-09-30 15h48.29.379793 +0530,
64,0,64,[np.float64(0.4822222222222222)],[np.float64(-0.4211111111111111)],[1],[0],[0],[2.98541141700116],['target'],64,0,64,0,136.25255766601185,,5,136.2425184580061,136.25255766601185,136.25255766601185,0.012326916999882087,139.2280082500074,[np.float64(0.4822222222222222)],[np.float64(-0.4211111111111111)],[1],[0],[0],[2.98541141700116],['target'],P3,001,2025-09-30_15h48.15.179,VisualSearch_NupurShah,,2025.1.1,119.93020110369496,2025-09-30 15h48.29.379793 +0530,
65,0,65,[np.float64(-0.03666666666666667)],[np.float64(0.3188888888888889)],[1],[0],[0],[2.3153903750062454],['target'],65,0,65,0,139.25713162501052,,5,139.24546000000555,139.25713162501052,139.25713162501052,0.01725191599689424,141.56091891600227,[np.float64(-0.03666666666666667)],[np.float64(0.3188888888888889)],[1],[0],[0],[2.3153903750062454],['target'],P3,001,2025-09-30_15h48.15.179,VisualSearch_NupurShah,,2025.1.1,119.93020110369496,2025-09-30 15h48.29.379793 +0530,
66,0,66,[np.float64(-0.2011111111111111)],[np.float64(-0.15444444444444444)],[1],[0],[0],[1.838654665989452],['target'],66,0,66,0,141.60067150001123,,10,141.5878069580067,141.60067150001123,141.60067150001123,0.0266904589952901,143.42652091600758,[np.float64(-0.2011111111111111)],[np.float64(-0.15444444444444444)],[1],[0],[0],[1.838654665989452],['target'],P3,001,2025-09-30_15h48.15.179,VisualSearch_NupurShah,,2025.1.1,119.93020110369496,2025-09-30 15h48.29.379793 +0530,
67,0,67,[np.float64(0.3611111111111111)],[np.float64(-0.15777777777777777)],[1],[0],[0],[2.062196958999266],['target'],67,0,67,0,143.4599887910008,,10,143.44822454100358,143.4599887910008,143.4599887910008,0.0215477089950582,145.51047408301383,[np.float64(0.3611111111111111)],[np.float64(-0.15777777777777777)],[1],[0],[0],[2.062196958999266],['target'],P3,001,2025-09-30_15h48.15.179,VisualSearch_NupurShah,,2025.1.1,119.93020110369496,2025-09-30 15h48.29.379793 +0530,
68,0,68,[np.float64(-0.3488888888888889)],[np.float64(0.06222222222222222)],[1],[0],[0],[2.8601855839951895],['target'],68,0,68,0,145.54570250000688,,10,145.53332795800816,145.54570250000688,145.54570250000688,0.022680000009131618,148.39356183301425,[np.float64(-0.3488888888888889)],[np.float64(0.06222222222222222)],[1],[0],[0],[2.8601855839951895],['target'],P3,001,2025-09-30_15h48.15.179,VisualSearch_NupurShah,,2025.1.1,119.93020110369496,2025-09-30 15h48.29.379793 +0530,
69,0,69,[np.float64(0.25222222222222224)],[np.float64(-0.44)],[1],[0],[0],[1.9225848330097506],['target'],69,0,69,0,148.4153802080109,,5,148.40525837500172,148.4153802080109,148.4153802080109,0.011529124996741302,150.3279093750025,[np.float64(0.25222222222222224)],[np.float64(-0.44)],[1],[0],[0],[1.9225848330097506],['target'],P3,001,2025-09-30_15h48.15.179,VisualSearch_NupurShah,,2025.1.1,119.93020110369496,2025-09-30 15h48.29.379793 +0530,
70,0,70,[np.float64(0.38333333333333336)],[np.float64(0.36333333333333334)],[1],[0],[0],[3.1060950829996727],['target'],70,0,70,0,150.3675855830079,,10,150.35423712500778,150.3675855830079,150.3675855830079,0.026167042000452057,153.4603767080116,[np.float64(0.38333333333333336)],[np.float64(0.36333333333333334)],[1],[0],[0],[3.1060950829996727],['target'],P3,001,2025-09-30_15h48.15.179,VisualSearch_NupurShah,,2025.1.1,119.93020110369496,2025-09-30 15h48.29.379793 +0530,
71,0,71,[np.float64(-0.39222222222222225)],[np.float64(0.20777777777777778)],[1],[0],[0],[2.493822167001781],['target'],71,0,71,0,153.4951658330101,,10,153.482944125004,153.4951658330101,153.4951658330101,0.02239562499744352,155.97681779100094,[np.float64(-0.39222222222222225)],[np.float64(0.20777777777777778)],[1],[0],[0],[2.493822167001781],['target'],P3,001,2025-09-30_15h48.15.179,VisualSearch_NupurShah,,2025.1.1,119.93020110369496,2025-09-30 15h48.29.379793 +0530,
72,0,72,[np.float64(-0.20444444444444446)],[np.float64(-0.27555555555555555)],[1],[0],[0],[2.0613258329976816],['target'],72,0,72,0,156.0113322080142,,10,155.99913037501392,156.0113322080142,156.0113322080142,0.02212795898958575,158.06050362500537,[np.float64(-0.20444444444444446)],[np.float64(-0.27555555555555555)],[1],[0],[0],[2.0613258329976816],['target'],P3,001,2025-09-30_15h48.15.179,VisualSearch_NupurShah,,2025.1.1,119.93020110369496,2025-09-30 15h48.29.379793 +0530,
73,0,73,[np.float64(-0.2633333333333333)],[np.float64(-0.16333333333333333)],[1],[0],[0],[1.1098972910112934],['target'],73,0,73,0,158.09641316600027,,10,158.08345770800952,158.09641316600027,158.09641316600027,0.02278216699778568,159.19340725000075,[np.float64(-0.2633333333333333)],[np.float64(-0.16333333333333333)],[1],[0],[0],[1.1098972910112934],['target'],P3,001,2025-09-30_15h48.15.179,VisualSearch_NupurShah,,2025.1.1,119.93020110369496,2025-09-30 15h48.29.379793 +0530,
74,0,74,[np.float64(-0.01888888888888889)],[np.float64(-0.3)],[1],[0],[0],[1.6959392090066103],['target'],74,0,74,0,159.22599612500926,,10,159.21395300001313,159.22599612500926,159.22599612500926,0.020372749990201555,160.90994766600488,[np.float64(-0.01888888888888889)],[np.float64(-0.3)],[1],[0],[0],[1.6959392090066103],['target'],P3,001,2025-09-30_15h48.15.179,VisualSearch_NupurShah,,2025.1.1,119.93020110369496,2025-09-30 15h48.29.379793 +0530,
75,0,75,[np.float64(0.32)],[np.float64(-0.26)],[1],[0],[0],[1.9725339169963263],['target'],75,0,75,0,160.93320325000968,,5,160.92246516600426,160.93320325000968,160.93320325000968,0.012327832999289967,162.89507850000518,[np.float64(0.32)],[np.float64(-0.26)],[1],[0],[0],[1.9725339169963263],['target'],P3,001,2025-09-30_15h48.15.179,VisualSearch_NupurShah,,2025.1.1,119.93020110369496,2025-09-30 15h48.29.379793 +0530,
76,0,76,[np.float64(-0.056666666666666664)],[np.float64(-0.47888888888888886)],[1],[0],[0],[1.7994182910042582],['target'],76,0,76,0,162.92369179100206,,5,162.9118922080088,162.92369179100206,162.92369179100206,0.016619749992969446,164.71138079100638,[np.float64(-0.056666666666666664)],[np.float64(-0.47888888888888886)],[1],[0],[0],[1.7994182910042582],['target'],P3,001,2025-09-30_15h48.15.179,VisualSearch_NupurShah,,2025.1.1,119.93020110369496,2025-09-30 15h48.29.379793 +0530,
77,0,77,[np.float64(-0.32)],[np.float64(-0.09888888888888889)],[1],[0],[0],[1.9202834999887273],['target'],77,0,77,0,164.753894916008,,10,164.74012887501158,164.753894916008,164.753894916008,0.028546750007080846,166.6604633750103,[np.float64(-0.32)],[np.float64(-0.09888888888888889)],[1],[0],[0],[1.9202834999887273],['target'],P3,001,2025-09-30_15h48.15.179,VisualSearch_NupurShah,,2025.1.1,119.93020110369496,2025-09-30 15h48.29.379793 +0530,
78,0,78,[np.float64(-0.41444444444444445)],[np.float64(-0.06666666666666667)],[1],[0],[0],[1.0873287499998696],['target'],78,0,78,0,166.68281412500073,,5,166.67262145801215,166.68281412500073,166.68281412500073,0.011989999999059364,167.76001216600707,[np.float64(-0.41444444444444445)],[np.float64(-0.06666666666666667)],[1],[0],[0],[1.0873287499998696],['target'],P3,001,2025-09-30_15h48.15.179,VisualSearch_NupurShah,,2025.1.1,119.93020110369496,2025-09-30 15h48.29.379793 +0530,
79,0,79,[np.float64(0.08666666666666667)],[np.float64(0.20555555555555555)],[1],[0],[0],[2.0911774999985937],['target'],79,0,79,0,167.79957537500013,,10,167.7860578330001,167.79957537500013,167.79957537500013,0.02588241700141225,169.87728245800827,[np.float64(0.08666666666666667)],[np.float64(0.20555555555555555)],[1],[0],[0],[2.0911774999985937],['target'],P3,001,2025-09-30_15h48.15.179,VisualSearch_NupurShah,,2025.1.1,119.93020110369496,2025-09-30 15h48.29.379793 +0530,
80,0,80,[np.float64(0.02)],[np.float64(-0.017777777777777778)],[1],[0],[0],[3.094224291999126],['target'],80,0,80,0,169.91237812500913,,10,169.89978400000837,169.91237812500913,169.91237812500913,0.022331915999529883,172.99405945801118,[np.float64(0.02)],[np.float64(-0.017777777777777778)],[1],[0],[0],[3.094224291999126],['target'],P3,001,2025-09-30_15h48.15.179,VisualSearch_NupurShah,,2025.1.1,119.93020110369496,2025-09-30 15h48.29.379793 +0530,
81,0,81,[np.float64(-0.4922222222222222)],[np.float64(0.4122222222222222)],[1],[0],[0],[2.1891278330003843],['target'],81,0,81,0,173.01594562501123,,5,173.00587754101434,173.01594562501123,173.01594562501123,0.011649291001958773,175.1951001250127,[np.float64(-0.4922222222222222)],[np.float64(0.4122222222222222)],[1],[0],[0],[2.1891278330003843],['target'],P3,001,2025-09-30_15h48.15.179,VisualSearch_NupurShah,,2025.1.1,119.93020110369496,2025-09-30 15h48.29.379793 +0530,
82,0,82,[np.float64(-0.01888888888888889)],[np.float64(0.03777777777777778)],[1],[0],[0],[2.36559195900918],['target'],82,0,82,0,175.22398470800545,,5,175.21257833301206,175.22398470800545,175.22398470800545,0.017269624993787147,177.57823875000759,[np.float64(-0.01888888888888889)],[np.float64(0.03777777777777778)],[1],[0],[0],[2.36559195900918],['target'],P3,001,2025-09-30_15h48.15.179,VisualSearch_NupurShah,,2025.1.1,119.93020110369496,2025-09-30 15h48.29.379793 +0530,
83,0,83,[np.float64(-0.45555555555555555)],[np.float64(0.10666666666666667)],[1],[0],[0],[1.6370830410014605],['target'],83,0,83,0,177.62052887500613,,10,177.60702620800294,177.62052887500613,177.62052887500613,0.02858204100630246,179.24415737501113,[np.float64(-0.45555555555555555)],[np.float64(0.10666666666666667)],[1],[0],[0],[1.6370830410014605],['target'],P3,001,2025-09-30_15h48.15.179,VisualSearch_NupurShah,,2025.1.1,119.93020110369496,2025-09-30 15h48.29.379793 +0530,
84,0,84,[np.float64(0.04666666666666667)],[np.float64(0.16777777777777778)],[1],[0],[0],[1.6125042920029955],['target'],84,0,84,0,179.27724341601424,,10,179.26505020800687,179.27724341601424,179.27724341601424,0.020726125003420748,180.8776003330131,[np.float64(0.04666666666666667)],[np.float64(0.16777777777777778)],[1],[0],[0],[1.6125042920029955],['target'],P3,001,2025-09-30_15h48.15.179,VisualSearch_NupurShah,,2025.1.1,119.93020110369496,2025-09-30 15h48.29.379793 +0530,
85,0,85,[np.float64(0.48777777777777775)],[np.float64(-0.36444444444444446)],[1],[0],[0],[3.5294641670043347],['target'],85,0,85,0,180.9106122910016,,10,180.898180958,180.9106122910016,180.9106122910016,0.020430249991477467,184.4276966250036,[np.float64(0.48777777777777775)],[np.float64(-0.36444444444444446)],[1],[0],[0],[3.5294641670043347],['target'],P3,001,2025-09-30_15h48.15.179,VisualSearch_NupurShah,,2025.1.1,119.93020110369496,2025-09-30 15h48.29.379793 +0530,
86,0,86,[np.float64(0.42333333333333334)],[np.float64(0.1988888888888889)],[1],[0],[0],[1.6878981669869972],['target'],86,0,86,0,184.45073100000445,,5,184.44019312500313,184.45073100000445,184.45073100000445,0.012291582999750972,186.12817337500746,[np.float64(0.42333333333333334)],[np.float64(0.1988888888888889)],[1],[0],[0],[1.6878981669869972],['target'],P3,001,2025-09-30_15h48.15.179,VisualSearch_NupurShah,,2025.1.1,119.93020110369496,2025-09-30 15h48.29.379793 +0530,
87,0,87,[np.float64(0.4711111111111111)],[np.float64(-0.4577777777777778)],[1],[0],[0],[2.585045708998223],['target'],87,0,87,0,186.1543415410124,,5,186.14311912500125,186.1543415410124,186.1543415410124,0.01474591699661687,188.72824262500217,[np.float64(0.4711111111111111)],[np.float64(-0.4577777777777778)],[1],[0],[0],[2.585045708998223],['target'],P3,001,2025-09-30_15h48.15.179,VisualSearch_NupurShah,,2025.1.1,119.93020110369496,2025-09-30 15h48.29.379793 +0530,
88,0,88,[np.float64(-0.2111111111111111)],[np.float64(0.43333333333333335)],[1],[0],[0],[2.8533870829996886],['target'],88,0,88,0,188.77123012501397,,10,188.75737941601255,188.77123012501397,188.77123012501397,0.028938750008819625,191.61081566600478,[np.float64(-0.2111111111111111)],[np.float64(0.43333333333333335)],[1],[0],[0],[2.8533870829996886],['target'],P3,001,2025-09-30_15h48.15.179,VisualSearch_NupurShah,,2025.1.1,119.93020110369496,2025-09-30 15h48.29.379793 +0530,
89,0,89,[np.float64(0.25333333333333335)],[np.float64(0.44)],[1],[0],[0],[2.2449333340045996],['target'],89,0,89,0,191.6442115830141,,10,191.6320478330017,191.6442115830141,191.6442115830141,0.0210622919985326,193.87703429101384,[np.float64(0.25333333333333335)],[np.float64(0.44)],[1],[0],[0],[2.2449333340045996],['target'],P3,001,2025-09-30_15h48.15.179,VisualSearch_NupurShah,,2025.1.1,119.93020110369496,2025-09-30 15h48.29.379793 +0530,
90,0,90,[np.float64(0.017777777777777778)],[np.float64(0.21888888888888888)],[1],[0],[0],[1.4558751670119818],['target'],90,0,90,0,193.89994483301416,,5,193.889454166012,193.89994483301416,193.89994483301416,0.01225187499949243,195.34541100000206,[np.float64(0.017777777777777778)],[np.float64(0.21888888888888888)],[1],[0],[0],[1.4558751670119818],['target'],P3,001,2025-09-30_15h48.15.179,VisualSearch_NupurShah,,2025.1.1,119.93020110369496,2025-09-30 15h48.29.379793 +0530,
91,0,91,[np.float64(0.3277777777777778)],[np.float64(-0.19333333333333333)],[1],[0],[0],[1.6493826670048293],['target'],91,0,91,0,195.37358420800592,,5,195.36219325001002,195.37358420800592,195.37358420800592,0.016590165992965922,197.0116248330014,[np.float64(0.3277777777777778)],[np.float64(-0.19333333333333333)],[1],[0],[0],[1.6493826670048293],['target'],P3,001,2025-09-30_15h48.15.179,VisualSearch_NupurShah,,2025.1.1,119.93020110369496,2025-09-30 15h48.29.379793 +0530,
92,0,92,[np.float64(-0.05555555555555555)],[np.float64(0.2966666666666667)],[1],[0],[0],[1.5887151659990195],['target'],92,0,92,0,197.0522415410087,,10,197.03818887501257,197.0522415410087,197.0522415410087,0.026376040987088345,198.62697291601216,[np.float64(-0.05555555555555555)],[np.float64(0.2966666666666667)],[1],[0],[0],[1.5887151659990195],['target'],P3,001,2025-09-30_15h48.15.179,VisualSearch_NupurShah,,2025.1.1,119.93020110369496,2025-09-30 15h48.29.379793 +0530,
93,0,93,[np.float64(-0.21777777777777776)],[np.float64(0.051111111111111114)],[1],[0],[0],[1.778702916999464],['target'],93,0,93,0,198.66105979100394,,10,198.64854029100388,198.66105979100394,198.66105979100394,0.021387291999417357,200.4272963750118,[np.float64(-0.21777777777777776)],[np.float64(0.051111111111111114)],[1],[0],[0],[1.778702916999464],['target'],P3,001,2025-09-30_15h48.15.179,VisualSearch_NupurShah,,2025.1.1,119.93020110369496,2025-09-30 15h48.29.379793 +0530,
94,0,94,[np.float64(0.1511111111111111)],[np.float64(-0.20555555555555555)],[1],[0],[0],[1.55577670900675],['target'],94,0,94,0,200.44902579100744,,5,200.43884304100357,200.44902579100744,200.44902579100744,0.011378042006981559,201.99470166600076,[np.float64(0.1511111111111111)],[np.float64(-0.20555555555555555)],[1],[0],[0],[1.55577670900675],['target'],P3,001,2025-09-30_15h48.15.179,VisualSearch_NupurShah,,2025.1.1,119.93020110369496,2025-09-30 15h48.29.379793 +0530,
95,0,95,[np.float64(0.47333333333333333)],[np.float64(-0.2644444444444444)],[1],[0],[0],[2.8058543340011965],['target'],95,0,95,0,202.0365532910073,,10,202.02217579100397,202.0365532910073,202.0365532910073,0.027277542001684196,204.82807629101444,[np.float64(0.47333333333333333)],[np.float64(-0.2644444444444444)],[1],[0],[0],[2.8058543340011965],['target'],P3,001,2025-09-30_15h48.15.179,VisualSearch_NupurShah,,2025.1.1,119.93020110369496,2025-09-30 15h48.29.379793 +0530,
96,0,96,[np.float64(0.1711111111111111)],[np.float64(0.22555555555555556)],[1],[0],[0],[1.5955016249936307],['target'],96,0,96,0,204.86146895801357,,10,204.84944345800614,204.86146895801357,204.86146895801357,0.02119900000980124,206.4450000830111,[np.float64(0.1711111111111111)],[np.float64(0.22555555555555556)],[1],[0],[0],[1.5955016249936307],['target'],P3,001,2025-09-30_15h48.15.179,VisualSearch_NupurShah,,2025.1.1,119.93020110369496,2025-09-30 15h48.29.379793 +0530,
97,0,97,[np.float64(-0.20666666666666667)],[np.float64(0.23)],[1],[0],[0],[1.8606982919882284],['target'],97,0,97,0,206.4789169160067,,10,206.46646750000946,206.4789169160067,206.4789169160067,0.02128291700500995,208.32721862501057,[np.float64(-0.20666666666666667)],[np.float64(0.23)],[1],[0],[0],[1.8606982919882284],['target'],P3,001,2025-09-30_15h48.15.179,VisualSearch_NupurShah,,2025.1.1,119.93020110369496,2025-09-30 15h48.29.379793 +0530,
98,0,98,[np.float64(0.06222222222222222)],[np.float64(-0.46444444444444444)],[1],[0],[0],[2.7399512919946574],['target'],98,0,98,0,208.34931183300796,,5,208.33912629100087,208.34931183300796,208.34931183300796,0.011736792002920993,211.07915841600334,[np.float64(0.06222222222222222)],[np.float64(-0.46444444444444444)],[1],[0],[0],[2.7399512919946574],['target'],P3,001,2025-09-30_15h48.15.179,VisualSearch_NupurShah,,2025.1.1,119.93020110369496,2025-09-30 15h48.29.379793 +0530,
99,0,99,[np.float64(-0.4411111111111111)],[np.float64(-0.41)],[1],[0],[0],[1.9312384590011789],['target'],99,0,99,0,211.10812891600654,,5,211.09663879100117,211.10812891600654,211.10812891600654,0.017287541006226093,213.02794762501435,[np.float64(-0.4411111111111111)],[np.float64(-0.41)],[1],[0],[0],[1.9312384590011789],['target'],P3,001,2025-09-30_15h48.15.179,VisualSearch_NupurShah,,2025.1.1,119.93020110369496,2025-09-30 15h48.29.379793 +0530,
100,0,100,[np.float64(0.10555555555555556)],[np.float64(-0.33666666666666667)],[1],[0],[0],[1.9337424999976065],['target'],100,0,100,0,213.05587225001364,,5,213.04434600000968,213.05587225001364,213.05587225001364,0.01620408300368581,214.97815595800057,[np.float64(0.10555555555555556)],[np.float64(-0.33666666666666667)],[1],[0],[0],[1.9337424999976065],['target'],P3,001,2025-09-30_15h48.15.179,VisualSearch_NupurShah,,2025.1.1,119.93020110369496,2025-09-30 15h48.29.379793 +0530,
101,0,101,[np.float64(0.011111111111111112)],[np.float64(-0.16444444444444445)],[1],[0],[0],[1.633139207988279],['target'],101,0,101,0,215.00689479100402,,5,214.9952763330075,215.00689479100402,215.00689479100402,0.01693195800180547,216.62848062500416,[np.float64(0.011111111111111112)],[np.float64(-0.16444444444444445)],[1],[0],[0],[1.633139207988279],['target'],P3,001,2025-09-30_15h48.15.179,VisualSearch_NupurShah,,2025.1.1,119.93020110369496,2025-09-30 15h48.29.379793 +0530,
102,0,102,[np.float64(-0.35333333333333333)],[np.float64(0.4688888888888889)],[1],[0],[0],[2.9368850409955485],['target'],102,0,102,0,216.6706372910121,,10,216.65752133300703,216.6706372910121,216.6706372910121,0.028843666004831903,219.59445495800173,[np.float64(-0.35333333333333333)],[np.float64(0.4688888888888889)],[1],[0],[0],[2.9368850409955485],['target'],P3,001,2025-09-30_15h48.15.179,VisualSearch_NupurShah,,2025.1.1,119.93020110369496,2025-09-30 15h48.29.379793 +0530,
103,0,103,[np.float64(-0.39444444444444443)],[np.float64(0.24)],[1],[0],[0],[1.4056161670014262],['target'],103,0,103,0,219.61699229100486,,5,219.60664045800513,219.61699229100486,219.61699229100486,0.012017874993034638,221.0123384160106,[np.float64(-0.39444444444444443)],[np.float64(0.24)],[1],[0],[0],[1.4056161670014262],['target'],P3,001,2025-09-30_15h48.15.179,VisualSearch_NupurShah,,2025.1.1,119.93020110369496,2025-09-30 15h48.29.379793 +0530,
104,0,104,[np.float64(-0.24222222222222223)],[np.float64(-0.24444444444444444)],[1],[0],[0],[2.0854343329992844],['target'],104,0,104,0,221.0555657500081,,10,221.04166250000708,221.0555657500081,221.0555657500081,0.029117041995050386,223.12714725000842,[np.float64(-0.24222222222222223)],[np.float64(-0.24444444444444444)],[1],[0],[0],[2.0854343329992844],['target'],P3,001,2025-09-30_15h48.15.179,VisualSearch_NupurShah,,2025.1.1,119.93020110369496,2025-09-30 15h48.29.379793 +0530,
105,0,105,[np.float64(0.2911111111111111)],[np.float64(0.4722222222222222)],[1],[0],[0],[3.1115530829993077],['target'],105,0,105,0,223.16303708300984,,10,223.14996295800665,223.16303708300984,223.16303708300984,0.02264145801018458,226.2615687080106,[np.float64(0.2911111111111111)],[np.float64(0.4722222222222222)],[1],[0],[0],[3.1115530829993077],['target'],P3,001,2025-09-30_15h48.15.179,VisualSearch_NupurShah,,2025.1.1,119.93020110369496,2025-09-30 15h48.29.379793 +0530,
106,0,106,[np.float64(0.4811111111111111)],[np.float64(0.1622222222222222)],[1],[0],[0],[2.2127258330001496],['target'],106,0,106,0,226.29494445800083,,10,226.2824784580007,226.29494445800083,226.29494445800083,0.02073812499293126,228.49527070800832,[np.float64(0.4811111111111111)],[np.float64(0.1622222222222222)],[1],[0],[0],[2.2127258330001496],['target'],P3,001,2025-09-30_15h48.15.179,VisualSearch_NupurShah,,2025.1.1,119.93020110369496,2025-09-30 15h48.29.379793 +0530,
107,0,107,[np.float64(-0.43777777777777777)],[np.float64(0.20222222222222222)],[1],[0],[0],[2.508176250004908],['target'],107,0,107,0,228.53181625000434,,10,228.51892025000416,228.53181625000434,228.53181625000434,0.023448334002750926,231.02715237501252,[np.float64(-0.43777777777777777)],[np.float64(0.20222222222222222)],[1],[0],[0],[2.508176250004908],['target'],P3,001,2025-09-30_15h48.15.179,VisualSearch_NupurShah,,2025.1.1,119.93020110369496,2025-09-30 15h48.29.379793 +0530,
108,0,108,[np.float64(-0.2544444444444444)],[np.float64(0.10111111111111111)],[1],[0],[0],[1.573639207999804],['target'],108,0,108,0,231.04875308301416,,5,231.03878037500544,231.04875308301416,231.04875308301416,0.011458500011940487,232.61250100001052,[np.float64(-0.2544444444444444)],[np.float64(0.10111111111111111)],[1],[0],[0],[1.573639207999804],['target'],P3,001,2025-09-30_15h48.15.179,VisualSearch_NupurShah,,2025.1.1,119.93020110369496,2025-09-30 15h48.29.379793 +0530,
109,0,109,[np.float64(-0.30666666666666664)],[np.float64(-0.43444444444444447)],[1],[0],[0],[2.0860897499951534],['target'],109,0,109,0,232.65538825000112,,10,232.64130850000947,232.65538825000112,232.65538825000112,0.028608708002138883,234.72744700001203,[np.float64(-0.30666666666666664)],[np.float64(-0.43444444444444447)],[1],[0],[0],[2.0860897499951534],['target'],P3,001,2025-09-30_15h48.15.179,VisualSearch_NupurShah,,2025.1.1,119.93020110369496,2025-09-30 15h48.29.379793 +0530,
110,0,110,[np.float64(0.19444444444444445)],[np.float64(0.3188888888888889)],[1],[0],[0],[2.227800125008798],['target'],110,0,110,0,234.7619139580056,,10,234.74940420800704,234.7619139580056,234.7619139580056,0.02176891700946726,236.9772492080083,[np.float64(0.19444444444444445)],[np.float64(0.3188888888888889)],[1],[0],[0],[2.227800125008798],['target'],P3,001,2025-09-30_15h48.15.179,VisualSearch_NupurShah,,2025.1.1,119.93020110369496,2025-09-30 15h48.29.379793 +0530,
111,0,111,[np.float64(-0.012222222222222223)],[np.float64(-0.021111111111111112)],[1],[0],[0],[3.1131791670050006],['target'],111,0,111,0,237.00993508301326,,10,236.99765037500765,237.00993508301326,237.00993508301326,0.020256500007235445,240.11089341600018,[np.float64(-0.012222222222222223)],[np.float64(-0.021111111111111112)],[1],[0],[0],[3.1131791670050006],['target'],P3,001,2025-09-30_15h48.15.179,VisualSearch_NupurShah,,2025.1.1,119.93020110369496,2025-09-30 15h48.29.379793 +0530,
112,0,112,[np.float64(-0.0011111111111111111)],[np.float64(0.44222222222222224)],[1],[0],[0],[1.9948397910047788],['target'],112,0,112,0,240.1460661660094,,10,240.1336175000033,240.1460661660094,240.1460661660094,0.022555042000021785,242.12850429100217,[np.float64(-0.0011111111111111111)],[np.float64(0.44222222222222224)],[1],[0],[0],[1.9948397910047788],['target'],P3,001,2025-09-30_15h48.15.179,VisualSearch_NupurShah,,2025.1.1,119.93020110369496,2025-09-30 15h48.29.379793 +0530,
113,0,113,[np.float64(0.012222222222222223)],[np.float64(0.28444444444444444)],[1],[0],[0],[1.3044985419983277],['target'],113,0,113,0,242.15248937500292,,5,242.14132500000414,242.15248937500292,242.15248937500292,0.01265108298684936,243.4459007500118,[np.float64(0.012222222222222223)],[np.float64(0.28444444444444444)],[1],[0],[0],[1.3044985419983277],['target'],P3,001,2025-09-30_15h48.15.179,VisualSearch_NupurShah,,2025.1.1,119.93020110369496,2025-09-30 15h48.29.379793 +0530,
114,0,114,[np.float64(-0.2311111111111111)],[np.float64(-0.04111111111111111)],[1],[0],[0],[2.9210049169923877],['target'],114,0,114,0,243.48703541600844,,10,243.4729315410077,243.48703541600844,243.48703541600844,0.026828792004380375,246.3939863750129,[np.float64(-0.2311111111111111)],[np.float64(-0.04111111111111111)],[1],[0],[0],[2.9210049169923877],['target'],P3,001,2025-09-30_15h48.15.179,VisualSearch_NupurShah,,2025.1.1,119.93020110369496,2025-09-30 15h48.29.379793 +0530,
115,0,115,[np.float64(-0.058888888888888886)],[np.float64(-0.23444444444444446)],[1],[0],[0],[2.106754499996896],['target'],115,0,115,0,246.415308791009,,5,246.4057615410129,246.415308791009,246.415308791009,0.011607000007643364,248.5125955830008,[np.float64(-0.058888888888888886)],[np.float64(-0.23444444444444446)],[1],[0],[0],[2.106754499996896],['target'],P3,001,2025-09-30_15h48.15.179,VisualSearch_NupurShah,,2025.1.1,119.93020110369496,2025-09-30 15h48.29.379793 +0530,
116,0,116,[np.float64(0.4411111111111111)],[np.float64(-0.23333333333333334)],[1],[0],[0],[3.5192159169964725],['target'],116,0,116,0,248.55649275000906,,10,248.54247800000303,248.55649275000906,248.55649275000906,0.02968508400954306,252.06174366601044,[np.float64(0.4411111111111111)],[np.float64(-0.23333333333333334)],[1],[0],[0],[3.5192159169964725],['target'],P3,001,2025-09-30_15h48.15.179,VisualSearch_NupurShah,,2025.1.1,119.93020110369496,2025-09-30 15h48.29.379793 +0530,
117,0,117,[np.float64(-0.16444444444444445)],[np.float64(-0.41)],[1],[0],[0],[2.1886582500010263],['target'],117,0,117,0,252.08345033301157,,5,252.07372691600176,252.08345033301157,252.08345033301157,0.011815541991381906,254.26246633300616,[np.float64(-0.16444444444444445)],[np.float64(-0.41)],[1],[0],[0],[2.1886582500010263],['target'],P3,001,2025-09-30_15h48.15.179,VisualSearch_NupurShah,,2025.1.1,119.93020110369496,2025-09-30 15h48.29.379793 +0530,
118,0,118,[np.float64(-0.25222222222222224)],[np.float64(0.16444444444444445)],[1],[0],[0],[2.821279832991422],['target'],118,0,118,0,254.30366587500612,,10,254.2897610830114,254.30366587500612,254.30366587500612,0.0270955409941962,257.1110895830061,[np.float64(-0.25222222222222224)],[np.float64(0.16444444444444445)],[1],[0],[0],[2.821279832991422],['target'],P3,001,2025-09-30_15h48.15.179,VisualSearch_NupurShah,,2025.1.1,119.93020110369496,2025-09-30 15h48.29.379793 +0530,
119,0,119,[np.float64(0.13777777777777778)],[np.float64(0.18888888888888888)],[1],[0],[0],[1.9799339580058586],['target'],119,0,119,0,257.14421845800825,,10,257.1318342500017,257.14421845800825,257.14421845800825,0.02057575000799261,259.1118181660131,[np.float64(0.13777777777777778)],[np.float64(0.18888888888888888)],[1],[0],[0],[1.9799339580058586],['target'],P3,001,2025-09-30_15h48.15.179,VisualSearch_NupurShah,,2025.1.1,119.93020110369496,2025-09-30 15h48.29.379793 +0530,
120,0,120,[np.float64(0.4088888888888889)],[np.float64(0.1622222222222222)],[1],[0],[0],[1.605087417003233],['target'],120,0,120,0,259.1338502080034,,5,259.12416562500584,259.1338502080034,259.1338502080034,0.012178708988358267,260.72933258301055,[np.float64(0.4088888888888889)],[np.float64(0.1622222222222222)],[1],[0],[0],[1.605087417003233],['target'],P3,001,2025-09-30_15h48.15.179,VisualSearch_NupurShah,,2025.1.1,119.93020110369496,2025-09-30 15h48.29.379793 +0530,
121,0,121,[np.float64(0.14444444444444443)],[np.float64(-0.39111111111111113)],[1],[0],[0],[2.0326124999992317],['target'],121,0,121,0,260.75767962500686,,5,260.7464634580101,260.75767962500686,260.75767962500686,0.01693974999943748,262.7791409160127,[np.float64(0.14444444444444443)],[np.float64(-0.39111111111111113)],[1],[0],[0],[2.0326124999992317],['target'],P3,001,2025-09-30_15h48.15.179,VisualSearch_NupurShah,,2025.1.1,119.93020110369496,2025-09-30 15h48.29.379793 +0530,
122,0,122,[np.float64(-0.4211111111111111)],[np.float64(0.15888888888888889)],[1],[0],[0],[1.9488877919939114],['target'],122,0,122,0,262.80740700000024,,5,262.79581866601075,262.80740700000024,262.80740700000024,0.016486833003000356,264.7447711660061,[np.float64(-0.4211111111111111)],[np.float64(0.15888888888888889)],[1],[0],[0],[1.9488877919939114],['target'],P3,001,2025-09-30_15h48.15.179,VisualSearch_NupurShah,,2025.1.1,119.93020110369496,2025-09-30 15h48.29.379793 +0530,
123,0,123,[np.float64(0.17777777777777778)],[np.float64(0.13)],[1],[0],[0],[1.6719538330071373],['target'],123,0,123,0,264.7870570410014,,10,264.7729074580129,264.7870570410014,264.7870570410014,0.027939749998040497,266.44491162500344,[np.float64(0.17777777777777778)],[np.float64(0.13)],[1],[0],[0],[1.6719538330071373],['target'],P3,001,2025-09-30_15h48.15.179,VisualSearch_NupurShah,,2025.1.1,119.93020110369496,2025-09-30 15h48.29.379793 +0530,
124,0,124,[np.float64(0.2111111111111111)],[np.float64(-0.011111111111111112)],[1],[0],[0],[1.906072708996362],['target'],124,0,124,0,266.4661677910044,,5,266.45656079100445,266.4661677910044,266.4661677910044,0.011482541987788863,268.3627156250004,[np.float64(0.2111111111111111)],[np.float64(-0.011111111111111112)],[1],[0],[0],[1.906072708996362],['target'],P3,001,2025-09-30_15h48.15.179,VisualSearch_NupurShah,,2025.1.1,119.93020110369496,2025-09-30 15h48.29.379793 +0530,
125,0,125,[np.float64(0.4011111111111111)],[np.float64(0.2111111111111111)],[1],[0],[0],[2.6525124159961706],['target'],125,0,125,0,268.4065464160085,,10,268.39268537500175,268.4065464160085,268.4065464160085,0.029772666995995678,271.04524166601186,[np.float64(0.4011111111111111)],[np.float64(0.2111111111111111)],[1],[0],[0],[2.6525124159961706],['target'],P3,001,2025-09-30_15h48.15.179,VisualSearch_NupurShah,,2025.1.1,119.93020110369496,2025-09-30 15h48.29.379793 +0530,
126,0,126,[np.float64(-0.19111111111111112)],[np.float64(-0.14333333333333334)],[1],[0],[0],[2.294271167003899],['target'],126,0,126,0,271.0809417080018,,10,271.06856812500337,271.0809417080018,271.0809417080018,0.023158916999818757,273.36290041600296,[np.float64(-0.19111111111111112)],[np.float64(-0.14333333333333334)],[1],[0],[0],[2.294271167003899],['target'],P3,001,2025-09-30_15h48.15.179,VisualSearch_NupurShah,,2025.1.1,119.93020110369496,2025-09-30 15h48.29.379793 +0530,
127,0,127,[np.float64(0.31777777777777777)],[np.float64(-0.37555555555555553)],[1],[0],[0],[2.1212027500005206],['target'],127,0,127,0,273.38549708301434,,5,273.3756613750011,273.38549708301434,273.38549708301434,0.012557124995510094,275.4969493330136,[np.float64(0.31777777777777777)],[np.float64(-0.37555555555555553)],[1],[0],[0],[2.1212027500005206],['target'],P3,001,2025-09-30_15h48.15.179,VisualSearch_NupurShah,,2025.1.1,119.93020110369496,2025-09-30 15h48.29.379793 +0530,
128,0,128,[np.float64(-0.2477777777777778)],[np.float64(0.2733333333333333)],[1],[0],[0],[3.220504416996846],['target'],128,0,128,0,275.5389210830035,,10,275.52486358300666,275.5389210830035,275.5389210830035,0.0276107090030564,278.7454172500002,[np.float64(-0.2477777777777778)],[np.float64(0.2733333333333333)],[1],[0],[0],[3.220504416996846],['target'],P3,001,2025-09-30_15h48.15.179,VisualSearch_NupurShah,,2025.1.1,119.93020110369496,2025-09-30 15h48.29.379793 +0530,
129,0,129,[np.float64(-0.3844444444444444)],[np.float64(0.24)],[1],[0],[0],[1.5561154159950092],['target'],129,0,129,0,278.7667668330105,,5,278.75679187501373,278.7667668330105,278.7667668330105,0.011203375004697591,280.31298575000255,[np.float64(-0.3844444444444444)],[np.float64(0.24)],[1],[0],[0],[1.5561154159950092],['target'],P3,001,2025-09-30_15h48.15.179,VisualSearch_NupurShah,,2025.1.1,119.93020110369496,2025-09-30 15h48.29.379793 +0530,
130,0,130,[np.float64(0.23666666666666666)],[np.float64(0.10222222222222223)],[1],[0],[0],[1.7165427080035442],['target'],130,0,130,0,280.3407939160097,,5,280.32945833301346,280.3407939160097,280.3407939160097,0.01627970799745526,282.0460712910135,[np.float64(0.23666666666666666)],[np.float64(0.10222222222222223)],[1],[0],[0],[1.7165427080035442],['target'],P3,001,2025-09-30_15h48.15.179,VisualSearch_NupurShah,,2025.1.1,119.93020110369496,2025-09-30 15h48.29.379793 +0530,
131,0,131,[np.float64(-0.22777777777777777)],[np.float64(0.49666666666666665)],[1],[0],[0],[2.526517167003476],['target'],131,0,131,0,282.0867733750056,,10,282.0729148750106,282.0867733750056,282.0867733750056,0.026648291997844353,284.599492666006,[np.float64(-0.22777777777777777)],[np.float64(0.49666666666666665)],[1],[0],[0],[2.526517167003476],['target'],P3,001,2025-09-30_15h48.15.179,VisualSearch_NupurShah,,2025.1.1,119.93020110369496,2025-09-30 15h48.29.379793 +0530,
132,0,132,[np.float64(-0.32)],[np.float64(-0.3233333333333333)],[1],[0],[0],[2.0672850419941824],['target'],132,0,132,0,284.6218389160058,,5,284.61175708301016,284.6218389160058,284.6218389160058,0.012068250012816861,286.67911537500913,[np.float64(-0.32)],[np.float64(-0.3233333333333333)],[1],[0],[0],[2.0672850419941824],['target'],P3,001,2025-09-30_15h48.15.179,VisualSearch_NupurShah,,2025.1.1,119.93020110369496,2025-09-30 15h48.29.379793 +0530,
133,0,133,[np.float64(-0.15333333333333332)],[np.float64(0.19333333333333333)],[1],[0],[0],[1.618660166990594],['target'],133,0,133,0,286.7054192080104,,5,286.69409145800455,286.7054192080104,286.7054192080104,0.014783542006625794,288.312823500004,[np.float64(-0.15333333333333332)],[np.float64(0.19333333333333333)],[1],[0],[0],[1.618660166990594],['target'],P3,001,2025-09-30_15h48.15.179,VisualSearch_NupurShah,,2025.1.1,119.93020110369496,2025-09-30 15h48.29.379793 +0530,
134,0,134,[np.float64(-0.41444444444444445)],[np.float64(0.11888888888888889)],[1],[0],[0],[1.2832688750058878],['target'],134,0,134,0,288.34086445800494,,5,288.3295345410006,288.34086445800494,288.34086445800494,0.0165248330013128,289.6128680410038,[np.float64(-0.41444444444444445)],[np.float64(0.11888888888888889)],[1],[0],[0],[1.2832688750058878],['target'],P3,001,2025-09-30_15h48.15.179,VisualSearch_NupurShah,,2025.1.1,119.93020110369496,2025-09-30 15h48.29.379793 +0530,
135,0,135,[np.float64(0.2311111111111111)],[np.float64(-0.21444444444444444)],[1],[0],[0],[1.6834763749939157],[None],135,0,135,0,289.63942450001196,,5,289.6283110410004,289.63942450001196,289.63942450001196,0.015252333992975764,291.31186400000297,[np.float64(0.2311111111111111)],[np.float64(-0.21444444444444444)],[1],[0],[0],[1.6834763749939157],[None],P3,001,2025-09-30_15h48.15.179,VisualSearch_NupurShah,,2025.1.1,119.93020110369496,2025-09-30 15h48.29.379793 +0530,
136,0,136,[np.float64(-0.4177777777777778)],[np.float64(0.10555555555555556)],[1],[0],[0],[1.9229462079965742],['target'],136,0,136,0,291.3541095410037,,10,291.33921545800695,291.3541095410037,291.3541095410037,0.027155417003086768,293.2622105000046,[np.float64(-0.4177777777777778)],[np.float64(0.10555555555555556)],[1],[0],[0],[1.9229462079965742],['target'],P3,001,2025-09-30_15h48.15.179,VisualSearch_NupurShah,,2025.1.1,119.93020110369496,2025-09-30 15h48.29.379793 +0530,
137,0,137,[np.float64(-0.42333333333333334)],[np.float64(0.2222222222222222)],[1],[0],[0],[2.1283432920026826],['target'],137,0,137,0,293.2956711660081,,10,293.28347779100295,293.2956711660081,293.2956711660081,0.021098375000292435,295.4118729160109,[np.float64(-0.42333333333333334)],[np.float64(0.2222222222222222)],[1],[0],[0],[2.1283432920026826],['target'],P3,001,2025-09-30_15h48.15.179,VisualSearch_NupurShah,,2025.1.1,119.93020110369496,2025-09-30 15h48.29.379793 +0530,
138,0,138,[np.float64(-0.3055555555555556)],[np.float64(-0.19444444444444445)],[1],[0],[0],[2.7934717500029365],['target'],138,0,138,0,295.44758787500905,,10,295.4346716660075,295.44758787500905,295.44758787500905,0.022629958009929396,298.2281941250112,[np.float64(-0.3055555555555556)],[np.float64(-0.19444444444444445)],[1],[0],[0],[2.7934717500029365],['target'],P3,001,2025-09-30_15h48.15.179,VisualSearch_NupurShah,,2025.1.1,119.93020110369496,2025-09-30 15h48.29.379793 +0530,
139,0,139,[np.float64(0.07)],[np.float64(-0.2588888888888889)],[1],[0],[0],[1.938427375003812],['target'],139,0,139,0,298.25070258301275,,5,298.24069720800617,298.25070258301275,298.25070258301275,0.012321208996581845,300.1792278330104,[np.float64(0.07)],[np.float64(-0.2588888888888889)],[1],[0],[0],[1.938427375003812],['target'],P3,001,2025-09-30_15h48.15.179,VisualSearch_NupurShah,,2025.1.1,119.93020110369496,2025-09-30 15h48.29.379793 +0530,
140,0,140,[np.float64(-0.16444444444444445)],[np.float64(-0.4033333333333333)],[1],[0],[0],[1.7511059999960708],['target'],140,0,140,0,300.20779887500976,,5,300.1963111250079,300.20779887500976,300.20779887500976,0.016889916005311534,301.947492916006,[np.float64(-0.16444444444444445)],[np.float64(-0.4033333333333333)],[1],[0],[0],[1.7511059999960708],['target'],P3,001,2025-09-30_15h48.15.179,VisualSearch_NupurShah,,2025.1.1,119.93020110369496,2025-09-30 15h48.29.379793 +0530,
141,0,141,[np.float64(0.1388888888888889)],[np.float64(-0.43666666666666665)],[1],[0],[0],[2.617103708005743],['target'],141,0,141,0,301.9925685830094,,10,301.9778635830007,301.9925685830094,301.9925685830094,0.030174750005244277,304.5950173750025,[np.float64(0.1388888888888889)],[np.float64(-0.43666666666666665)],[1],[0],[0],[2.617103708005743],['target'],P3,001,2025-09-30_15h48.15.179,VisualSearch_NupurShah,,2025.1.1,119.93020110369496,2025-09-30 15h48.29.379793 +0530,
142,0,142,[np.float64(0.2577777777777778)],[np.float64(0.16666666666666666)],[1],[0],[0],[2.8896521249989746],['target'],142,0,142,0,304.6176038750127,,5,304.60712491600134,304.6176038750127,304.6176038750127,0.011936959010199644,307.4968575830135,[np.float64(0.2577777777777778)],[np.float64(0.16666666666666666)],[1],[0],[0],[2.8896521249989746],['target'],P3,001,2025-09-30_15h48.15.179,VisualSearch_NupurShah,,2025.1.1,119.93020110369496,2025-09-30 15h48.29.379793 +0530,
143,0,143,[np.float64(-0.4122222222222222)],[np.float64(-0.11222222222222222)],[1],[0],[0],[2.482805334002478],['target'],143,0,143,0,307.5252560830122,,5,307.51370637500077,307.5252560830122,307.5252560830122,0.016656500010867603,309.99657912501425,[np.float64(-0.4122222222222222)],[np.float64(-0.11222222222222222)],[1],[0],[0],[2.482805334002478],['target'],P3,001,2025-09-30_15h48.15.179,VisualSearch_NupurShah,,2025.1.1,119.93020110369496,2025-09-30 15h48.29.379793 +0530,
144,0,144,[np.float64(-0.32555555555555554)],[np.float64(-0.16333333333333333)],[1],[0],[0],[1.9022430830082158],['target'],144,0,144,0,310.04091237501416,,10,310.0267577080085,310.04091237501416,310.04091237501416,0.02997262500866782,311.9290465410013,[np.float64(-0.32555555555555554)],[np.float64(-0.16333333333333333)],[1],[0],[0],[1.9022430830082158],['target'],P3,001,2025-09-30_15h48.15.179,VisualSearch_NupurShah,,2025.1.1,119.93020110369496,2025-09-30 15h48.29.379793 +0530,
145,0,145,[np.float64(-0.15777777777777777)],[np.float64(-0.13777777777777778)],[1],[0],[0],[2.3771913749951636],['target'],145,0,145,0,312.0308995410014,,10,312.01836166600697,312.0308995410014,312.0308995410014,0.0891492910013767,314.39560129100573,[np.float64(-0.15777777777777777)],[np.float64(-0.13777777777777778)],[1],[0],[0],[2.3771913749951636],['target'],P3,001,2025-09-30_15h48.15.179,VisualSearch_NupurShah,,2025.1.1,119.93020110369496,2025-09-30 15h48.29.379793 +0530,
146,0,146,[np.float64(0.023333333333333334)],[np.float64(0.36777777777777776)],[1],[0],[0],[2.422210165997967],['target'],146,0,146,0,314.4177082080132,,5,314.4075060410105,314.4177082080132,314.4177082080132,0.011734750005416572,316.82979608300957,[np.float64(0.023333333333333334)],[np.float64(0.36777777777777776)],[1],[0],[0],[2.422210165997967],['target'],P3,001,2025-09-30_15h48.15.179,VisualSearch_NupurShah,,2025.1.1,119.93020110369496,2025-09-30 15h48.29.379793 +0530,
147,0,147,[np.float64(0.04111111111111111)],[np.float64(0.2611111111111111)],[1],[0],[0],[1.1546591249934863],['target'],147,0,147,0,316.87072729101055,,10,316.85728925000876,316.87072729101055,316.87072729101055,0.02729341699159704,318.01199408300454,[np.float64(0.04111111111111111)],[np.float64(0.2611111111111111)],[1],[0],[0],[1.1546591249934863],['target'],P3,001,2025-09-30_15h48.15.179,VisualSearch_NupurShah,,2025.1.1,119.93020110369496,2025-09-30 15h48.29.379793 +0530,
148,0,148,[np.float64(-0.4033333333333333)],[np.float64(0.3511111111111111)],[1],[0],[0],[1.5055175419984153],['target'],148,0,148,0,318.0344428750104,,5,318.02435520800645,318.0344428750104,318.0344428750104,0.01219929099897854,319.52994091600704,[np.float64(-0.4033333333333333)],[np.float64(0.3511111111111111)],[1],[0],[0],[1.5055175419984153],['target'],P3,001,2025-09-30_15h48.15.179,VisualSearch_NupurShah,,2025.1.1,119.93020110369496,2025-09-30 15h48.29.379793 +0530,
149,0,149,[np.float64(-0.49666666666666665)],[np.float64(-0.042222222222222223)],[1],[0],[0],[1.6176168749952922],[None],149,0,149,0,319.5562397080066,,5,319.545027375003,319.5562397080066,319.5562397080066,0.014928832999430597,321.1627017500141,[np.float64(-0.49666666666666665)],[np.float64(-0.042222222222222223)],[1],[0],[0],[1.6176168749952922],[None],P3,001,2025-09-30_15h48.15.179,VisualSearch_NupurShah,,2025.1.1,119.93020110369496,2025-09-30 15h48.29.379793 +0530,
150,0,150,[np.float64(-0.43)],[np.float64(-0.4211111111111111)],[1],[0],[0],[1.637185875006253],['target'],150,0,150,0,321.18664970800455,,5,321.175992125005,321.18664970800455,321.18664970800455,0.013128958002198488,322.8132572080067,[np.float64(-0.43)],[np.float64(-0.4211111111111111)],[1],[0],[0],[1.637185875006253],['target'],P3,001,2025-09-30_15h48.15.179,VisualSearch_NupurShah,,2025.1.1,119.93020110369496,2025-09-30 15h48.29.379793 +0530,
151,0,151,[np.float64(0.33)],[np.float64(0.23222222222222222)],[1],[0],[0],[2.2343163330078823],['target'],151,0,151,0,322.8395662910043,,5,322.8287456250109,322.8395662910043,322.8395662910043,0.015294458004063927,325.0631377910031,[np.float64(0.33)],[np.float64(0.23222222222222222)],[1],[0],[0],[2.2343163330078823],['target'],P3,001,2025-09-30_15h48.15.179,VisualSearch_NupurShah,,2025.1.1,119.93020110369496,2025-09-30 15h48.29.379793 +0530,
152,0,152,[np.float64(0.28444444444444444)],[np.float64(0.3277777777777778)],[1],[0],[0],[1.4001322500116657],['target'],152,0,152,0,325.09094916601316,,5,325.07967462501256,325.09094916601316,325.09094916601316,0.016348542005289346,326.4798817080009,[np.float64(0.28444444444444444)],[np.float64(0.3277777777777778)],[1],[0],[0],[1.4001322500116657],['target'],P3,001,2025-09-30_15h48.15.179,VisualSearch_NupurShah,,2025.1.1,119.93020110369496,2025-09-30 15h48.29.379793 +0530,
153,0,153,[np.float64(-0.2588888888888889)],[np.float64(-0.3388888888888889)],[1],[0],[0],[2.1008319170068717],['target'],153,0,153,0,326.507488541014,,5,326.49618220800767,326.507488541014,326.507488541014,0.01610558299580589,328.5970837500063,[np.float64(-0.2588888888888889)],[np.float64(-0.3388888888888889)],[1],[0],[0],[2.1008319170068717],['target'],P3,001,2025-09-30_15h48.15.179,VisualSearch_NupurShah,,2025.1.1,119.93020110369496,2025-09-30 15h48.29.379793 +0530,
154,0,154,[np.float64(0.12)],[np.float64(0.3611111111111111)],[1],[0],[0],[2.199442416007514],['target'],154,0,154,0,328.62410762500076,,5,328.6127736250055,328.62410762500076,328.62410762500076,0.015488042001379654,330.8122905000055,[np.float64(0.12)],[np.float64(0.3611111111111111)],[1],[0],[0],[2.199442416007514],['target'],P3,001,2025-09-30_15h48.15.179,VisualSearch_NupurShah,,2025.1.1,119.93020110369496,2025-09-30 15h48.29.379793 +0530,
155,0,155,[np.float64(0.12)],[np.float64(0.36)],[1],[0],[0],[0.7363642919954145],['target'],155,0,155,0,330.8381256250141,,5,330.82683579101285,330.8381256250141,330.8381256250141,0.014385667003807612,331.56327808300557,[np.float64(0.12)],[np.float64(0.36)],[1],[0],[0],[0.7363642919954145],['target'],P3,001,2025-09-30_15h48.15.179,VisualSearch_NupurShah,,2025.1.1,119.93020110369496,2025-09-30 15h48.29.379793 +0530,
156,0,156,[np.float64(0.37333333333333335)],[np.float64(0.32666666666666666)],[1],[0],[0],[1.8377571250020992],['target'],156,0,156,0,331.6045158330089,,10,331.5913755000074,331.6045158330089,331.6045158330089,0.02789554100309033,333.4291780830099,[np.float64(0.37333333333333335)],[np.float64(0.32666666666666666)],[1],[0],[0],[1.8377571250020992],['target'],P3,001,2025-09-30_15h48.15.179,VisualSearch_NupurShah,,2025.1.1,119.93020110369496,2025-09-30 15h48.29.379793 +0530,
157,0,157,[np.float64(-0.3011111111111111)],[np.float64(0.14333333333333334)],[1],[0],[0],[1.8217852500092704],['target'],157,0,157,0,333.4524253330019,,5,333.4417450000037,333.4524253330019,333.4524253330019,0.012392624994390644,335.26361000000907,[np.float64(-0.3011111111111111)],[np.float64(0.14333333333333334)],[1],[0],[0],[1.8217852500092704],['target'],P3,001,2025-09-30_15h48.15.179,VisualSearch_NupurShah,,2025.1.1,119.93020110369496,2025-09-30 15h48.29.379793 +0530,
158,0,158,[np.float64(0.20777777777777778)],[np.float64(0.43777777777777777)],[1],[0],[0],[1.6816986250050832],['target'],158,0,158,0,335.291459916014,,5,335.28034316601406,335.291459916014,335.291459916014,0.01653791600256227,336.962108000007,[np.float64(0.20777777777777778)],[np.float64(0.43777777777777777)],[1],[0],[0],[1.6816986250050832],['target'],P3,001,2025-09-30_15h48.15.179,VisualSearch_NupurShah,,2025.1.1,119.93020110369496,2025-09-30 15h48.29.379793 +0530,
159,0,159,[np.float64(-0.3988888888888889)],[np.float64(0.13111111111111112)],[1],[0],[0],[1.9723289999965345],['target'],159,0,159,0,337.0039740830107,,10,336.9894752500113,337.0039740830107,337.0039740830107,0.027177332987776026,338.96185495800455,[np.float64(-0.3988888888888889)],[np.float64(0.13111111111111112)],[1],[0],[0],[1.9723289999965345],['target'],P3,001,2025-09-30_15h48.15.179,VisualSearch_NupurShah,,2025.1.1,119.93020110369496,2025-09-30 15h48.29.379793 +0530,
160,0,160,[np.float64(0.11555555555555555)],[np.float64(-0.028888888888888888)],[1],[0],[0],[1.9961063329974422],['target'],160,0,160,0,338.9956111250067,,10,338.98341350001283,338.9956111250067,338.9956111250067,0.021390166992205195,340.979573833014,[np.float64(0.11555555555555555)],[np.float64(-0.028888888888888888)],[1],[0],[0],[1.9961063329974422],['target'],P3,001,2025-09-30_15h48.15.179,VisualSearch_NupurShah,,2025.1.1,119.93020110369496,2025-09-30 15h48.29.379793 +0530,
161,0,161,[np.float64(-0.13555555555555557)],[np.float64(-0.43777777777777777)],[1],[0],[0],[2.0387891249993118],['target'],161,0,161,0,341.0009173750004,,5,340.9913521250128,341.0009173750004,341.0009173750004,0.011610041998210363,343.0302219580044,[np.float64(-0.13555555555555557)],[np.float64(-0.43777777777777777)],[1],[0],[0],[2.0387891249993118],['target'],P3,001,2025-09-30_15h48.15.179,VisualSearch_NupurShah,,2025.1.1,119.93020110369496,2025-09-30 15h48.29.379793 +0530,
162,0,162,[np.float64(0.38555555555555554)],[np.float64(-0.4077777777777778)],[1],[0],[0],[2.0032187500037253],['target'],162,0,162,0,343.07122745800007,,10,343.0583374580019,343.07122745800007,343.07122745800007,0.027915290993405506,345.06160833300964,[np.float64(0.38555555555555554)],[np.float64(-0.4077777777777778)],[1],[0],[0],[2.0032187500037253],['target'],P3,001,2025-09-30_15h48.15.179,VisualSearch_NupurShah,,2025.1.1,119.93020110369496,2025-09-30 15h48.29.379793 +0530,
163,0,163,[np.float64(0.3088888888888889)],[np.float64(-0.17444444444444446)],[1],[0],[0],[1.54576266699587],['target'],163,0,163,0,345.0964812500024,,10,345.08384879100777,345.0964812500024,345.0964812500024,0.022070582999731414,346.62966266600415,[np.float64(0.3088888888888889)],[np.float64(-0.17444444444444446)],[1],[0],[0],[1.54576266699587],['target'],P3,001,2025-09-30_15h48.15.179,VisualSearch_NupurShah,,2025.1.1,119.93020110369496,2025-09-30 15h48.29.379793 +0530,
164,0,164,[np.float64(0.31666666666666665)],[np.float64(0.16555555555555557)],[1],[0],[0],[1.8945660419994965],['target'],164,0,164,0,346.6641882910044,,10,346.6520117080072,346.6641882910044,346.6641882910044,0.022181833002832718,348.54663833300583,[np.float64(0.31666666666666665)],[np.float64(0.16555555555555557)],[1],[0],[0],[1.8945660419994965],['target'],P3,001,2025-09-30_15h48.15.179,VisualSearch_NupurShah,,2025.1.1,119.93020110369496,2025-09-30 15h48.29.379793 +0530,
165,0,165,[np.float64(0.31666666666666665)],[np.float64(0.16555555555555557)],[1],[0],[0],[0.2543530419934541],[None],165,0,165,0,348.5709369160031,,5,348.5597660830099,348.5709369160031,348.5709369160031,0.012913416998344474,348.8141966250114,[np.float64(0.31666666666666665)],[np.float64(0.16555555555555557)],[1],[0],[0],[0.2543530419934541],[None],P3,001,2025-09-30_15h48.15.179,VisualSearch_NupurShah,,2025.1.1,119.93020110369496,2025-09-30 15h48.29.379793 +0530,
166,0,166,[np.float64(0.3277777777777778)],[np.float64(-0.44333333333333336)],[1],[0],[0],[2.1186417499993695],['target'],166,0,166,0,348.8570218330133,,10,348.84329662501113,348.8570218330133,348.8570218330133,0.028907083004014567,350.9619861250103,[np.float64(0.3277777777777778)],[np.float64(-0.44333333333333336)],[1],[0],[0],[2.1186417499993695],['target'],P3,001,2025-09-30_15h48.15.179,VisualSearch_NupurShah,,2025.1.1,119.93020110369496,2025-09-30 15h48.29.379793 +0530,
167,0,167,[np.float64(0.4766666666666667)],[np.float64(0.13555555555555557)],[1],[0],[0],[1.5607753329968546],['target'],167,0,167,0,350.9960410410131,,10,350.98392204100674,350.9960410410131,350.9960410410131,0.021760540999821387,352.54474820800533,[np.float64(0.4766666666666667)],[np.float64(0.13555555555555557)],[1],[0],[0],[1.5607753329968546],['target'],P3,001,2025-09-30_15h48.15.179,VisualSearch_NupurShah,,2025.1.1,119.93020110369496,2025-09-30 15h48.29.379793 +0530,
168,0,168,[np.float64(-0.025555555555555557)],[np.float64(-0.13777777777777778)],[1],[0],[0],[2.923737874996732],['target'],168,0,168,0,352.5648467500141,,5,352.55582258300274,352.5648467500141,352.5648467500141,0.010925791997578926,355.4796423330117,[np.float64(-0.025555555555555557)],[np.float64(-0.13777777777777778)],[1],[0],[0],[2.923737874996732],['target'],P3,001,2025-09-30_15h48.15.179,VisualSearch_NupurShah,,2025.1.1,119.93020110369496,2025-09-30 15h48.29.379793 +0530,
169,0,169,[np.float64(0.47333333333333333)],[np.float64(0.24444444444444444)],[1],[0],[0],[1.4723502910055686],['target'],169,0,169,0,355.5191180410038,,10,355.505904250007,355.5191180410038,355.5191180410038,0.026068125007441267,356.9783027500089,[np.float64(0.47333333333333333)],[np.float64(0.24444444444444444)],[1],[0],[0],[1.4723502910055686],['target'],P3,001,2025-09-30_15h48.15.179,VisualSearch_NupurShah,,2025.1.1,119.93020110369496,2025-09-30 15h48.29.379793 +0530,
170,0,170,[np.float64(-0.07)],[np.float64(0.16555555555555557)],[1],[0],[0],[1.4062028339976678],['target'],170,0,170,0,357.0003847080079,,5,356.99055433300964,357.0003847080079,357.0003847080079,0.012060374996508472,358.39683762501227,[np.float64(-0.07)],[np.float64(0.16555555555555557)],[1],[0],[0],[1.4062028339976678],['target'],P3,001,2025-09-30_15h48.15.179,VisualSearch_NupurShah,,2025.1.1,119.93020110369496,2025-09-30 15h48.29.379793 +0530,
171,0,171,[np.float64(-0.18666666666666668)],[np.float64(0.3288888888888889)],[1],[0],[0],[1.168731541998568],['target'],171,0,171,0,358.4234482500033,,5,358.4121558750048,358.4234482500033,358.4234482500033,0.015123042001505382,359.58095583300747,[np.float64(-0.18666666666666668)],[np.float64(0.3288888888888889)],[1],[0],[0],[1.168731541998568],['target'],P3,001,2025-09-30_15h48.15.179,VisualSearch_NupurShah,,2025.1.1,119.93020110369496,2025-09-30 15h48.29.379793 +0530,
172,0,172,[np.float64(0.38666666666666666)],[np.float64(0.044444444444444446)],[1],[0],[0],[1.4174777090083808],['target'],172,0,172,0,359.60720054100966,,5,359.59593762501027,359.60720054100966,359.60720054100966,0.014789374996325932,361.0134775000042,[np.float64(0.38666666666666666)],[np.float64(0.044444444444444446)],[1],[0],[0],[1.4174777090083808],['target'],P3,001,2025-09-30_15h48.15.179,VisualSearch_NupurShah,,2025.1.1,119.93020110369496,2025-09-30 15h48.29.379793 +0530,
173,0,173,[np.float64(-0.3055555555555556)],[np.float64(0.3377777777777778)],[1],[0],[0],[2.6057759999966947],['target'],173,0,173,0,361.05359262500133,,10,361.0397837500059,361.05359262500133,361.05359262500133,0.026122916999156587,363.64559995800664,[np.float64(-0.3055555555555556)],[np.float64(0.3377777777777778)],[1],[0],[0],[2.6057759999966947],['target'],P3,001,2025-09-30_15h48.15.179,VisualSearch_NupurShah,,2025.1.1,119.93020110369496,2025-09-30 15h48.29.379793 +0530,
174,0,174,[np.float64(0.17444444444444446)],[np.float64(0.1111111111111111)],[1],[0],[0],[1.9302914159925422],['target'],174,0,174,0,363.67805770800624,,10,363.66559587500524,363.67805770800624,363.67805770800624,0.019849667005473748,365.5959397500119,[np.float64(0.17444444444444446)],[np.float64(0.1111111111111111)],[1],[0],[0],[1.9302914159925422],['target'],P3,001,2025-09-30_15h48.15.179,VisualSearch_NupurShah,,2025.1.1,119.93020110369496,2025-09-30 15h48.29.379793 +0530,
175,0,175,[np.float64(0.3988888888888889)],[np.float64(0.4533333333333333)],[1],[0],[0],[1.8621319160010898],['target'],175,0,175,0,365.6293091250118,,10,365.6172633750102,365.6293091250118,365.6293091250118,0.021153666006284766,367.47944104101043,[np.float64(0.3988888888888889)],[np.float64(0.4533333333333333)],[1],[0],[0],[1.8621319160010898],['target'],P3,001,2025-09-30_15h48.15.179,VisualSearch_NupurShah,,2025.1.1,119.93020110369496,2025-09-30 15h48.29.379793 +0530,
176,0,176,[np.float64(-0.3333333333333333)],[np.float64(0.48)],[1],[0],[0],[2.3440194580034586],['target'],176,0,176,0,367.5007503750094,,5,367.4907868330047,367.5007503750094,367.5007503750094,0.011198458989383653,369.83489691601426,[np.float64(-0.3333333333333333)],[np.float64(0.48)],[1],[0],[0],[2.3440194580034586],['target'],P3,001,2025-09-30_15h48.15.179,VisualSearch_NupurShah,,2025.1.1,119.93020110369496,2025-09-30 15h48.29.379793 +0530,
177,0,177,[np.float64(0.06666666666666667)],[np.float64(-0.4777777777777778)],[1],[0],[0],[2.549417500005802],['target'],177,0,177,0,369.8768539580051,,10,369.8629417080083,369.8768539580051,369.8768539580051,0.027861417009262368,372.41240837500663,[np.float64(0.06666666666666667)],[np.float64(-0.4777777777777778)],[1],[0],[0],[2.549417500005802],['target'],P3,001,2025-09-30_15h48.15.179,VisualSearch_NupurShah,,2025.1.1,119.93020110369496,2025-09-30 15h48.29.379793 +0530,
178,0,178,[np.float64(-0.21555555555555556)],[np.float64(-0.02)],[1],[0],[0],[1.739124375002575],['target'],178,0,178,0,372.4338529580127,,5,372.42441420801333,372.4338529580127,372.4338529580127,0.011839874990982935,374.163619916013,[np.float64(-0.21555555555555556)],[np.float64(-0.02)],[1],[0],[0],[1.739124375002575],['target'],P3,001,2025-09-30_15h48.15.179,VisualSearch_NupurShah,,2025.1.1,119.93020110369496,2025-09-30 15h48.29.379793 +0530,
179,0,179,[np.float64(0.3)],[np.float64(0.2911111111111111)],[1],[0],[0],[1.3661802920105401],['target'],179,0,179,0,374.1914297500043,,5,374.18019333301345,374.1914297500043,374.1914297500043,0.01637870800914243,375.54642929100373,[np.float64(0.3)],[np.float64(0.2911111111111111)],[1],[0],[0],[1.3661802920105401],['target'],P3,001,2025-09-30_15h48.15.179,VisualSearch_NupurShah,,2025.1.1,119.93020110369496,2025-09-30 15h48.29.379793 +0530,
180,0,180,[np.float64(0.43666666666666665)],[np.float64(-0.35444444444444445)],[1],[0],[0],[2.1007439159875503],['target'],180,0,180,0,375.5728668330121,,5,375.5615240410116,375.5728668330121,375.5728668330121,0.01493866699456703,377.66234545801126,[np.float64(0.43666666666666665)],[np.float64(-0.35444444444444445)],[1],[0],[0],[2.1007439159875503],['target'],P3,001,2025-09-30_15h48.15.179,VisualSearch_NupurShah,,2025.1.1,119.93020110369496,2025-09-30 15h48.29.379793 +0530,
181,0,181,[np.float64(-0.5)],[np.float64(0.24222222222222223)],[1],[0],[0],[1.8188439160003327],['target'],181,0,181,0,377.68880595800874,,5,377.6774969160033,377.68880595800874,377.68880595800874,0.014963207999244332,379.4964190410101,[np.float64(-0.5)],[np.float64(0.24222222222222223)],[1],[0],[0],[1.8188439160003327],['target'],P3,001,2025-09-30_15h48.15.179,VisualSearch_NupurShah,,2025.1.1,119.93020110369496,2025-09-30 15h48.29.379793 +0530,
182,0,182,[np.float64(0.5044444444444445)],[np.float64(0.22666666666666666)],[1],[0],[0],[2.906651832992793],['target'],182,0,182,0,379.537125791001,,10,379.52303945801395,379.537125791001,379.537125791001,0.026427208009408787,382.42973904100654,[np.float64(0.5044444444444445)],[np.float64(0.22666666666666666)],[1],[0],[0],[2.906651832992793],['target'],P3,001,2025-09-30_15h48.15.179,VisualSearch_NupurShah,,2025.1.1,119.93020110369496,2025-09-30 15h48.29.379793 +0530,
183,0,183,[np.float64(0.25333333333333335)],[np.float64(-0.35)],[1],[0],[0],[2.461216041003354],['target'],183,0,183,0,382.46339850001095,,10,382.451299791006,382.46339850001095,382.46339850001095,0.02139049999823328,384.9125704580074,[np.float64(0.25333333333333335)],[np.float64(-0.35)],[1],[0],[0],[2.461216041003354],['target'],P3,001,2025-09-30_15h48.15.179,VisualSearch_NupurShah,,2025.1.1,119.93020110369496,2025-09-30 15h48.29.379793 +0530,
184,0,184,[np.float64(-0.11888888888888889)],[np.float64(0.04777777777777778)],[1],[0],[0],[2.0122181250044378],['target'],184,0,184,0,384.9455670000025,,10,384.93355562500074,384.9455670000025,384.9455670000025,0.020814542003790848,386.9458272910124,[np.float64(-0.11888888888888889)],[np.float64(0.04777777777777778)],[1],[0],[0],[2.0122181250044378],['target'],P3,001,2025-09-30_15h48.15.179,VisualSearch_NupurShah,,2025.1.1,119.93020110369496,2025-09-30 15h48.29.379793 +0530,
185,0,185,[np.float64(0.49333333333333335)],[np.float64(0.18)],[1],[0],[0],[1.6113058750052005],['target'],185,0,185,0,386.98012337500404,,10,386.96786200000497,386.98012337500404,386.98012337500404,0.021859083994058892,388.5792159160046,[np.float64(0.49333333333333335)],[np.float64(0.18)],[1],[0],[0],[1.6113058750052005],['target'],P3,001,2025-09-30_15h48.15.179,VisualSearch_NupurShah,,2025.1.1,119.93020110369496,2025-09-30 15h48.29.379793 +0530,
186,0,186,[np.float64(-0.5011111111111111)],[np.float64(-0.006666666666666667)],[1],[0],[0],[1.6459382499888306],['target'],186,0,186,0,388.61243820800155,,10,388.60036075000244,388.61243820800155,388.61243820800155,0.020978915999876335,390.24635358300293,[np.float64(-0.5011111111111111)],[np.float64(-0.006666666666666667)],[1],[0],[0],[1.6459382499888306],['target'],P3,001,2025-09-30_15h48.15.179,VisualSearch_NupurShah,,2025.1.1,119.93020110369496,2025-09-30 15h48.29.379793 +0530,
187,0,187,[np.float64(0.33)],[np.float64(-0.028888888888888888)],[1],[0],[0],[1.705729124994832],['target'],187,0,187,0,390.26798858300026,,5,390.2580201660021,390.26798858300026,390.26798858300026,0.011496834005811252,391.96383079100633,[np.float64(0.33)],[np.float64(-0.028888888888888888)],[1],[0],[0],[1.705729124994832],['target'],P3,001,2025-09-30_15h48.15.179,VisualSearch_NupurShah,,2025.1.1,119.93020110369496,2025-09-30 15h48.29.379793 +0530,
188,0,188,[np.float64(-0.10444444444444445)],[np.float64(-0.04888888888888889)],[1],[0],[0],[1.6829692909959704],['target'],188,0,188,0,391.99182695800846,,5,391.98036408300686,391.99182695800846,391.99182695800846,0.016336417000275105,393.6634022500075,[np.float64(-0.10444444444444445)],[np.float64(-0.04888888888888889)],[1],[0],[0],[1.6829692909959704],['target'],P3,001,2025-09-30_15h48.15.179,VisualSearch_NupurShah,,2025.1.1,119.93020110369496,2025-09-30 15h48.29.379793 +0530,
189,0,189,[np.float64(0.06444444444444444)],[np.float64(0.10555555555555556)],[1],[0],[0],[1.2897017499926733],['target'],189,0,189,0,393.7043371660111,,10,393.68993800001044,393.7043371660111,393.7043371660111,0.026342041994212195,394.97968550000223,[np.float64(0.06444444444444444)],[np.float64(0.10555555555555556)],[1],[0],[0],[1.2897017499926733],['target'],P3,001,2025-09-30_15h48.15.179,VisualSearch_NupurShah,,2025.1.1,119.93020110369496,2025-09-30 15h48.29.379793 +0530,
190,0,190,[np.float64(0.024444444444444446)],[np.float64(0.4911111111111111)],[1],[0],[0],[1.6653037920041243],['target'],190,0,190,0,395.01402366600814,,10,395.00170004100073,395.01402366600814,395.01402366600814,0.021845166993443854,396.66706041600264,[np.float64(0.024444444444444446)],[np.float64(0.4911111111111111)],[1],[0],[0],[1.6653037920041243],['target'],P3,001,2025-09-30_15h48.15.179,VisualSearch_NupurShah,,2025.1.1,119.93020110369496,2025-09-30 15h48.29.379793 +0530,
191,0,191,[np.float64(-0.2822222222222222)],[np.float64(0.07222222222222222)],[1],[0],[0],[1.6521507919969736],['target'],191,0,191,0,396.6893194580043,,5,396.6790742910089,396.6893194580043,396.6893194580043,0.011845291999634355,398.3313052500016,[np.float64(-0.2822222222222222)],[np.float64(0.07222222222222222)],[1],[0],[0],[1.6521507919969736],['target'],P3,001,2025-09-30_15h48.15.179,VisualSearch_NupurShah,,2025.1.1,119.93020110369496,2025-09-30 15h48.29.379793 +0530,
192,0,192,[np.float64(-0.37444444444444447)],[np.float64(0.43)],[1],[0],[0],[1.6206638750009006],['target'],192,0,192,0,398.37216775001434,,10,398.3584362910042,398.37216775001434,398.37216775001434,0.0269339999940712,399.979145958001,[np.float64(-0.37444444444444447)],[np.float64(0.43)],[1],[0],[0],[1.6206638750009006],['target'],P3,001,2025-09-30_15h48.15.179,VisualSearch_NupurShah,,2025.1.1,119.93020110369496,2025-09-30 15h48.29.379793 +0530,
193,0,193,[np.float64(-0.43666666666666665)],[np.float64(-0.20666666666666667)],[1],[0],[0],[1.7221351670013973],['target'],193,0,193,0,400.00076254100713,,5,399.99081595800817,400.00076254100713,400.00076254100713,0.011497832994791679,401.7130171250028,[np.float64(-0.43666666666666665)],[np.float64(-0.20666666666666667)],[1],[0],[0],[1.7221351670013973],['target'],P3,001,2025-09-30_15h48.15.179,VisualSearch_NupurShah,,2025.1.1,119.93020110369496,2025-09-30 15h48.29.379793 +0530,
194,0,194,[np.float64(-0.03666666666666667)],[np.float64(0.19777777777777777)],[1],[0],[0],[1.2034334170020884],['target'],194,0,194,0,401.7385519160016,,5,401.72694404100184,401.7385519160016,401.7385519160016,0.013769291996140964,402.9304529580113,[np.float64(-0.03666666666666667)],[np.float64(0.19777777777777777)],[1],[0],[0],[1.2034334170020884],['target'],P3,001,2025-09-30_15h48.15.179,VisualSearch_NupurShah,,2025.1.1,119.93020110369496,2025-09-30 15h48.29.379793 +0530,
195,0,195,[np.float64(0.13333333333333333)],[np.float64(-0.06666666666666667)],[1],[0],[0],[1.6725106660014717],['target'],195,0,195,0,402.97094029100845,,10,402.9568076660071,402.97094029100845,402.97094029100845,0.026149833007366396,404.6293648330029,[np.float64(0.13333333333333333)],[np.float64(-0.06666666666666667)],[1],[0],[0],[1.6725106660014717],['target'],P3,001,2025-09-30_15h48.15.179,VisualSearch_NupurShah,,2025.1.1,119.93020110369496,2025-09-30 15h48.29.379793 +0530,
196,0,196,[np.float64(-0.39)],[np.float64(0.31)],[1],[0],[0],[1.9727392079948913],['target'],196,0,196,0,404.65030887500325,,5,404.6407648750028,404.65030887500325,404.65030887500325,0.011228125003981404,406.6135867910052,[np.float64(-0.39)],[np.float64(0.31)],[1],[0],[0],[1.9727392079948913],['target'],P3,001,2025-09-30_15h48.15.179,VisualSearch_NupurShah,,2025.1.1,119.93020110369496,2025-09-30 15h48.29.379793 +0530,
197,0,197,[np.float64(0.15444444444444444)],[np.float64(-0.17666666666666667)],[1],[0],[0],[1.5698205410008086],['target'],197,0,197,0,406.6394729580061,,5,406.6283006660087,406.6394729580061,406.6394729580061,0.014519707998260856,408.1981980000128,[np.float64(0.15444444444444444)],[np.float64(-0.17666666666666667)],[1],[0],[0],[1.5698205410008086],['target'],P3,001,2025-09-30_15h48.15.179,VisualSearch_NupurShah,,2025.1.1,119.93020110369496,2025-09-30 15h48.29.379793 +0530,
198,0,198,[np.float64(0.33444444444444443)],[np.float64(0.07222222222222222)],[1],[0],[0],[1.3667869170021731],['target'],198,0,198,0,408.22457695800404,,5,408.2137741250044,408.22457695800404,408.22457695800404,0.015384541999083012,409.58063150000817,[np.float64(0.33444444444444443)],[np.float64(0.07222222222222222)],[1],[0],[0],[1.3667869170021731],['target'],P3,001,2025-09-30_15h48.15.179,VisualSearch_NupurShah,,2025.1.1,119.93020110369496,2025-09-30 15h48.29.379793 +0530,
199,0,199,[np.float64(0.06222222222222222)],[np.float64(0.17)],[1],[0],[0],[1.5356517079926562],['target'],199,0,199,0,409.6246654580027,,10,409.6107441660133,409.6246654580027,409.6246654580027,0.029913958001998253,411.14644783300173,[np.float64(0.06222222222222222)],[np.float64(0.17)],[1],[0],[0],[1.5356517079926562],['target'],P3,001,2025-09-30_15h48.15.179,VisualSearch_NupurShah,,2025.1.1,119.93020110369496,2025-09-30 15h48.29.379793 +0530,
