trialNum,validity,targetSide,cueDur_ms,SOA_ms,targetDur_ms,thisN,thisTrialN,thisRepN,response_key.keys,response_key.corr,response_key.rt,response_key.duration,trials.thisRepN,trials.thisTrialN,trials.thisN,trials.thisIndex,thisRow.t,notes,Instructions.started,instructions_text.started,instr_key.started,Instructions.stopped,instr_key.keys,instr_key.rt,instr_key.duration,trial.started,left_box.started,right_box.started,fixation.started,cue_arrow.started,left_box.stopped,right_box.stopped,fixation.stopped,cue_arrow.stopped,target.started,response_key.started,target.stopped,trial.stopped,trials.response_key.keys,trials.response_key.corr,trials.response_key.rt,trials.response_key.duration,participant,session,date,expName,expVersion,psychopyVersion,frameRate,expStart,
,,,,,,,,,,,,,,,,,,,0.00933870900189504,0.017095958988647908,0.017095958988647908,2.808663291973062,space,2.537349666003138,None,,,,,,,,,,,,,,,,,,P5,001,2025-11-18_14h03.11.681,PosnerCueing_SoloProject,,2025.1.1,None,2025-11-18 14h03.27.455416 +0530,
91,invalid,left,50,150,1000,0,0,0,z,1,2.056129123957362,None,0,0,0,90,2.860528583987616,,,,,,,,,2.8433650420047343,2.860528583987616,2.860528583987616,2.860528583987616,3.308553875016514,3.3547991669620387,3.3547991669620387,3.3547991669620387,3.3547991669620387,3.404386958980467,3.504400916979648,4.393392041965853,5.562853167008143,z,1,2.056129123957362,None,P5,001,2025-11-18_14h03.11.681,PosnerCueing_SoloProject,,2025.1.1,None,2025-11-18 14h03.27.455416 +0530,
12,invalid,right,50,150,1000,1,1,0,m,1,1.512927458039485,None,0,1,1,11,5.580236834008247,,,,,,,,,5.571154334000312,5.580236834008247,5.580236834008247,5.580236834008247,6.062484791968018,6.076922083972022,6.076922083972022,6.076922083972022,6.109626958961599,6.161329999973532,6.260371666983701,7.160121666966006,7.7793654589913785,m,1,1.512927458039485,None,P5,001,2025-11-18_14h03.11.681,PosnerCueing_SoloProject,,2025.1.1,None,2025-11-18 14h03.27.455416 +0530,
37,valid,left,100,150,1000,2,2,0,z,1,1.381647166039329,None,0,2,2,36,7.790452333982103,,,,,,,,,7.78029870899627,7.790452333982103,7.790452333982103,7.790452333982103,8.278672249987721,8.28795591701055,8.28795591701055,8.28795591701055,8.37788887496572,8.37788887496572,8.526929749990813,9.371451749990229,9.91252962499857,z,1,1.381647166039329,None,P5,001,2025-11-18_14h03.11.681,PosnerCueing_SoloProject,,2025.1.1,None,2025-11-18 14h03.27.455416 +0530,
63,invalid,left,100,150,1000,3,3,0,z,1,1.5580025829840451,None,0,3,3,62,9.925266709004063,,,,,,,,,9.916886916966178,9.925266709004063,9.925266709004063,9.925266709004063,10.412866166967433,10.420967500016559,10.420967500016559,10.420967500016559,10.511448999983259,10.511448999983259,10.661538375017699,11.50490458396962,12.22306958399713,z,1,1.5580025829840451,None,P5,001,2025-11-18_14h03.11.681,PosnerCueing_SoloProject,,2025.1.1,None,2025-11-18 14h03.27.455416 +0530,
35,valid,right,100,150,1000,4,4,0,m,1,0.6239487910061143,None,0,4,4,34,12.23408445896348,,,,,,,,,12.22414129198296,12.23408445896348,12.23408445896348,12.23408445896348,12.721302249992732,12.726501791970804,12.726501791970804,12.726501791970804,12.810046667000279,12.821527166990563,12.971456791972741,,13.606443666969426,m,1,0.6239487910061143,None,P5,001,2025-11-18_14h03.11.681,PosnerCueing_SoloProject,,2025.1.1,None,2025-11-18 14h03.27.455416 +0530,
36,invalid,left,100,150,1000,5,5,0,z,1,0.6677410409902222,None,0,5,5,35,13.617873499984853,,,,,,,,,13.607628875004593,13.617873499984853,13.617873499984853,13.617873499984853,14.104610083973967,14.110642916988581,14.110642916988581,14.110642916988581,14.193842875014525,14.204578541975934,14.35461270896485,,15.029606333991978,z,1,0.6677410409902222,None,P5,001,2025-11-18_14h03.11.681,PosnerCueing_SoloProject,,2025.1.1,None,2025-11-18 14h03.27.455416 +0530,
2,valid,right,150,150,1000,6,6,0,m,1,0.8234368329867721,None,0,6,6,1,15.040777791989967,,,,,,,,,15.030567042005714,15.040777791989967,15.040777791989967,15.040777791989967,15.52815416699741,15.537959625013173,15.537959625013173,15.537959625013173,15.671744916995522,15.629142291960306,15.827113292005379,16.627000709006097,16.656627499964088,m,1,0.8234368329867721,None,P5,001,2025-11-18_14h03.11.681,PosnerCueing_SoloProject,,2025.1.1,None,2025-11-18 14h03.27.455416 +0530,
44,invalid,left,50,150,1000,7,7,0,z,1,1.289668373996392,None,0,7,7,43,16.668548042012844,,,,,,,,,16.657813291996717,16.668548042012844,16.668548042012844,16.668548042012844,17.15488008398097,17.161150166997686,17.161150166997686,17.161150166997686,17.192875374981668,17.255070917017292,17.354616249969695,18.24415774998488,18.656927292002365,z,1,1.289668373996392,None,P5,001,2025-11-18_14h03.11.681,PosnerCueing_SoloProject,,2025.1.1,None,2025-11-18 14h03.27.455416 +0530,
1,invalid,left,150,150,1000,8,8,0,z,1,0.5485794990090653,None,0,8,8,0,18.668231084011495,,,,,,,,,18.657903584011365,18.668231084011495,18.668231084011495,18.668231084011495,19.15456420899136,19.160596499976236,19.160596499976236,19.160596499976236,19.293856500007678,19.254751792002935,19.454888249980286,,20.006381209008396,z,1,0.5485794990090653,None,P5,001,2025-11-18_14h03.11.681,PosnerCueing_SoloProject,,2025.1.1,None,2025-11-18 14h03.27.455416 +0530,
87,invalid,left,150,150,1000,9,9,0,z,1,0.4373478329507634,None,0,9,9,86,20.017931166978087,,,,,,,,,20.007310000015423,20.017931166978087,20.017931166978087,20.017931166978087,20.50476295896806,20.511233958997764,20.511233958997764,20.511233958997764,20.643689042015467,20.604451333987527,20.805027666967362,,21.24525758397067,z,1,0.4373478329507634,None,P5,001,2025-11-18_14h03.11.681,PosnerCueing_SoloProject,,2025.1.1,None,2025-11-18 14h03.27.455416 +0530,
24,valid,left,150,150,1000,10,10,0,z,1,1.1062272500130348,None,0,10,10,23,21.25725612498354,,,,,,,,,21.249292541993782,21.25725612498354,21.25725612498354,21.25725612498354,21.737864749971777,21.755191958975047,21.755191958975047,21.755191958975047,21.877183375007007,21.83804349997081,22.04433349997271,22.827032750006765,23.156890292011667,z,1,1.1062272500130348,None,P5,001,2025-11-18_14h03.11.681,PosnerCueing_SoloProject,,2025.1.1,None,2025-11-18 14h03.27.455416 +0530,
79,invalid,left,150,150,1000,11,11,0,z,1,1.7710880410159007,None,0,11,11,78,23.171009375015274,,,,,,,,,23.16135949996533,23.171009375015274,23.171009375015274,23.171009375015274,23.654714333999436,23.660253375011962,23.660253375011962,23.660253375011962,23.793760833970737,23.754847917007282,23.955268666963093,24.7435623339843,25.728824291960336,z,1,1.7710880410159007,None,P5,001,2025-11-18_14h03.11.681,PosnerCueing_SoloProject,,2025.1.1,None,2025-11-18 14h03.27.455416 +0530,
83,invalid,left,100,150,1000,12,12,0,z,1,1.6117590829962865,None,0,12,12,82,25.754841208981816,,,,,,,,,25.729686166974716,25.754841208981816,25.754841208981816,25.754841208981816,26.229117374983616,26.244149083970115,26.244149083970115,26.244149083970115,26.326956791977864,26.321263666963205,26.477538166975137,27.310452667006757,28.095291125006042,z,1,1.6117590829962865,None,P5,001,2025-11-18_14h03.11.681,PosnerCueing_SoloProject,,2025.1.1,None,2025-11-18 14h03.27.455416 +0530,
6,valid,right,150,150,1000,13,13,0,m,1,0.4038962909835391,None,0,13,13,5,28.121313042007387,,,,,,,,,28.096350834006444,28.121313042007387,28.121313042007387,28.121313042007387,28.59500216698507,28.610998124990147,28.610998124990147,28.610998124990147,28.73844383400865,28.688141833990812,28.88851349998731,,29.296096417005174,m,1,0.4038962909835391,None,P5,001,2025-11-18_14h03.11.681,PosnerCueing_SoloProject,,2025.1.1,None,2025-11-18 14h03.27.455416 +0530,
17,valid,right,50,150,1000,14,14,0,m,1,0.5328341249842197,None,0,14,14,16,29.30716291698627,,,,,,,,,29.297019042016473,29.30716291698627,29.30716291698627,29.30716291698627,29.788933874981012,29.80521066696383,29.80521066696383,29.80521066696383,29.828627583978232,29.89619349996792,29.988557167002,,30.523871709010564,m,1,0.5328341249842197,None,P5,001,2025-11-18_14h03.11.681,PosnerCueing_SoloProject,,2025.1.1,None,2025-11-18 14h03.27.455416 +0530,
50,valid,left,50,150,1000,15,15,0,z,1,0.7791779990075156,None,0,15,15,49,30.53528000001097,,,,,,,,,30.52732479199767,30.53528000001097,30.53528000001097,30.53528000001097,31.022110874997452,31.028541083971504,31.028541083971504,31.028541083971504,31.06119320896687,31.12224654201418,31.22228104196256,,32.00713570899097,z,1,0.7791779990075156,None,P5,001,2025-11-18_14h03.11.681,PosnerCueing_SoloProject,,2025.1.1,None,2025-11-18 14h03.27.455416 +0530,
40,valid,left,100,150,1000,16,16,0,z,1,0.413063081970904,None,0,16,16,39,32.019035917008296,,,,,,,,,32.008297249965835,32.019035917008296,32.019035917008296,32.019035917008296,32.50497483398067,32.51171016698936,32.51171016698936,32.51171016698936,32.5935144170071,32.605243083962705,32.75536629196722,,33.17392312496668,z,1,0.413063081970904,None,P5,001,2025-11-18_14h03.11.681,PosnerCueing_SoloProject,,2025.1.1,None,2025-11-18 14h03.27.455416 +0530,
18,invalid,left,50,150,1000,17,17,0,z,1,1.2583895410061814,None,0,17,17,17,33.188457208976615,,,,,,,,,33.17843799997354,33.188457208976615,33.188457208976615,33.188457208976615,33.67169983399799,33.67724312498467,33.67724312498467,33.67724312498467,33.709945791983046,33.771696334006265,33.87197329197079,34.76050816697534,35.14129816700006,z,1,1.2583895410061814,None,P5,001,2025-11-18_14h03.11.681,PosnerCueing_SoloProject,,2025.1.1,None,2025-11-18 14h03.27.455416 +0530,
67,invalid,right,100,150,1000,18,18,0,m,1,1.2936469580163248,None,0,18,18,66,35.157475291984156,,,,,,,,,35.14783199998783,35.157475291984156,35.157475291984156,35.157475291984156,35.63815820898162,35.655331666988786,35.655331666988786,35.655331666988786,35.72692995896796,35.73837158398237,35.88869395898655,36.727319333993364,37.19075391697697,m,1,1.2936469580163248,None,P5,001,2025-11-18_14h03.11.681,PosnerCueing_SoloProject,,2025.1.1,None,2025-11-18 14h03.27.455416 +0530,
28,valid,right,50,150,1000,19,19,0,m,1,0.4766012500040233,None,0,19,19,27,37.20485500001814,,,,,,,,,37.19445795897627,37.20485500001814,37.20485500001814,37.20485500001814,37.68840074999025,37.69413104199339,37.69413104199339,37.69413104199339,37.72697104199324,37.78900304198032,37.88875054201344,,38.37382220901782,m,1,0.4766012500040233,None,P5,001,2025-11-18_14h03.11.681,PosnerCueing_SoloProject,,2025.1.1,None,2025-11-18 14h03.27.455416 +0530,
59,invalid,right,100,150,1000,20,20,0,m,1,1.0164437079802155,None,0,20,20,58,38.387444374966435,,,,,,,,,38.378957583976444,38.387444374966435,38.387444374966435,38.387444374966435,38.87157387501793,38.87730262498371,38.87730262498371,38.87730262498371,38.96013525000308,38.972014874976594,39.12195324996719,39.9719444999937,40.14043916697847,m,1,1.0164437079802155,None,P5,001,2025-11-18_14h03.11.681,PosnerCueing_SoloProject,,2025.1.1,None,2025-11-18 14h03.27.455416 +0530,
15,invalid,right,50,150,1000,21,21,0,m,1,0.6724628739757463,None,0,21,21,14,40.15282554196892,,,,,,,,,40.14150324999355,40.15282554196892,40.15282554196892,40.15282554196892,40.63858591701137,40.64460900000995,40.64460900000995,40.64460900000995,40.67714462499134,40.73850537498947,40.83897679200163,,41.51355879200855,m,1,0.6724628739757463,None,P5,001,2025-11-18_14h03.11.681,PosnerCueing_SoloProject,,2025.1.1,None,2025-11-18 14h03.27.455416 +0530,
30,invalid,left,100,150,1000,22,22,0,z,1,1.206749082019087,None,0,22,22,29,41.52707041701069,,,,,,,,,41.51874749996932,41.52707041701069,41.52707041701069,41.52707041701069,42.013047709013335,42.02174454199849,42.02174454199849,42.02174454199849,42.11164087499492,42.11164087499492,42.261752416961826,43.105646417010576,43.47444279200863,z,1,1.206749082019087,None,P5,001,2025-11-18_14h03.11.681,PosnerCueing_SoloProject,,2025.1.1,None,2025-11-18 14h03.27.455416 +0530,
10,valid,right,50,150,1000,23,23,0,m,1,0.7478081660228781,None,0,23,23,9,43.487448624975514,,,,,,,,,43.475915167015046,43.487448624975514,43.487448624975514,43.487448624975514,43.97189049998997,43.977997459005564,43.977997459005564,43.977997459005564,44.010523042001296,44.07185887498781,44.17250579199754,,44.92326333397068,m,1,0.7478081660228781,None,P5,001,2025-11-18_14h03.11.681,PosnerCueing_SoloProject,,2025.1.1,None,2025-11-18 14h03.27.455416 +0530,
93,valid,left,150,150,1000,24,24,0,z,1,0.6974626239971258,None,0,24,24,92,44.93729641701793,,,,,,,,,44.92801595898345,44.93729641701793,44.93729641701793,44.93729641701793,45.42148683400592,45.42777195898816,45.42777195898816,45.42777195898816,45.56089612498181,45.5219068339793,45.72198966698488,,46.42376074998174,z,1,0.6974626239971258,None,P5,001,2025-11-18_14h03.11.681,PosnerCueing_SoloProject,,2025.1.1,None,2025-11-18 14h03.27.455416 +0530,
80,valid,left,100,150,1000,25,25,0,z,1,0.3880233319941908,None,0,25,25,79,46.43380154197803,,,,,,,,,46.424872417002916,46.43380154197803,46.43380154197803,46.43380154197803,46.921749333967455,46.9273154590046,46.9273154590046,46.9273154590046,47.011103124998044,47.021941749961115,47.172370375017636,,47.56359199999133,z,1,0.3880233319941908,None,P5,001,2025-11-18_14h03.11.681,PosnerCueing_SoloProject,,2025.1.1,None,2025-11-18 14h03.27.455416 +0530,
58,invalid,left,150,150,1000,26,26,0,z,1,1.3388491660007276,None,0,26,26,57,47.57695112499641,,,,,,,,,47.568609667010605,47.57695112499641,47.57695112499641,47.57695112499641,48.0636692919652,48.07209616701584,48.07209616701584,48.07209616701584,48.21152837498812,48.16349770897068,48.361615083995275,49.161068916961085,49.70795858401107,z,1,1.3388491660007276,None,P5,001,2025-11-18_14h03.11.681,PosnerCueing_SoloProject,,2025.1.1,None,2025-11-18 14h03.27.455416 +0530,
77,invalid,right,100,150,1000,27,27,0,m,1,1.1918015819974244,None,0,27,27,76,49.723174792015925,,,,,,,,,49.71352216700325,49.723174792015925,49.723174792015925,49.723174792015925,50.20500899996841,50.22215933399275,50.22215933399275,50.22215933399275,50.29417608398944,50.30574937496567,50.45541687501827,51.29420162498718,51.658062333997805,m,1,1.1918015819974244,None,P5,001,2025-11-18_14h03.11.681,PosnerCueing_SoloProject,,2025.1.1,None,2025-11-18 14h03.27.455416 +0530,
16,invalid,right,50,150,1000,28,28,0,m,1,1.3245393329998478,None,0,28,28,15,51.6694618340116,,,,,,,,,51.659262541972566,51.6694618340116,51.6694618340116,51.6694618340116,52.15528079197975,52.161401459015906,52.161401459015906,52.161401459015906,52.1939281669911,52.25542558397865,52.35572308400879,53.244536000012886,53.69249091699021,m,1,1.3245393329998478,None,P5,001,2025-11-18_14h03.11.681,PosnerCueing_SoloProject,,2025.1.1,None,2025-11-18 14h03.27.455416 +0530,
32,valid,right,150,150,1000,29,29,0,m,1,0.649029457999859,None,0,29,29,31,53.706460708985105,,,,,,,,,53.6975139999995,53.706460708985105,53.706460708985105,53.706460708985105,54.18863445898751,54.20566337497439,54.20566337497439,54.20566337497439,54.32757949997904,54.288522958988324,54.489299250009935,,55.14044945896603,m,1,0.649029457999859,None,P5,001,2025-11-18_14h03.11.681,PosnerCueing_SoloProject,,2025.1.1,None,2025-11-18 14h03.27.455416 +0530,
88,valid,right,150,150,1000,30,30,0,m,1,0.6040809159749188,None,0,30,30,87,55.15122820896795,,,,,,,,,55.14140966697596,55.15122820896795,55.15122820896795,55.15122820896795,55.638667749997694,55.64411225001095,55.64411225001095,55.64411225001095,55.777640166983474,55.73886658396805,55.93920404196251,,56.54646458401112,m,1,0.6040809159749188,None,P5,001,2025-11-18_14h03.11.681,PosnerCueing_SoloProject,,2025.1.1,None,2025-11-18 14h03.27.455416 +0530,
65,valid,right,100,150,1000,31,31,0,m,1,0.8834467070410028,None,0,31,31,64,56.55751529196277,,,,,,,,,56.547329291992355,56.55751529196277,56.55751529196277,56.55751529196277,57.04548533400521,57.05543133401079,57.05543133401079,57.05543133401079,57.13891037501162,57.145626417011954,57.294898624997586,58.138983500015456,58.19101970898919,m,1,0.8834467070410028,None,P5,001,2025-11-18_14h03.11.681,PosnerCueing_SoloProject,,2025.1.1,None,2025-11-18 14h03.27.455416 +0530,
27,valid,left,100,150,1000,32,32,0,z,1,0.3870527499821037,None,0,32,32,26,58.205258166999556,,,,,,,,,58.19632837496465,58.205258166999556,58.205258166999556,58.205258166999556,58.68872933398234,58.69414366700221,58.69414366700221,58.69414366700221,58.77780699997675,58.78895033401204,58.93921462498838,,59.32968699996127,z,1,0.3870527499821037,None,P5,001,2025-11-18_14h03.11.681,PosnerCueing_SoloProject,,2025.1.1,None,2025-11-18 14h03.27.455416 +0530,
60,invalid,right,150,150,1000,33,33,0,m,1,1.0453804159769788,None,0,33,33,59,59.35553045896813,,,,,,,,,59.33059929200681,59.35553045896813,59.35553045896813,59.35553045896813,59.82215995900333,59.844710833975114,59.844710833975114,59.844710833975114,59.96155158401234,59.928882666979916,60.12789479200728,60.92261045897612,61.18037124996772,m,1,1.0453804159769788,None,P5,001,2025-11-18_14h03.11.681,PosnerCueing_SoloProject,,2025.1.1,None,2025-11-18 14h03.27.455416 +0530,
81,invalid,right,50,150,1000,34,34,0,m,1,0.5320798750035465,None,0,34,34,80,61.19176204199903,,,,,,,,,61.18156083399663,61.19176204199903,61.19176204199903,61.19176204199903,61.678587417001836,61.68912645900855,61.68912645900855,61.68912645900855,61.7225747089833,61.77906562498538,61.878268749976996,,62.41307850001613,m,1,0.5320798750035465,None,P5,001,2025-11-18_14h03.11.681,PosnerCueing_SoloProject,,2025.1.1,None,2025-11-18 14h03.27.455416 +0530,
73,invalid,left,150,150,1000,35,35,0,z,1,0.7410635819542222,None,0,35,35,72,62.42503179196501,,,,,,,,,62.416688708995935,62.42503179196501,62.42503179196501,62.42503179196501,62.91354162496282,62.922114167013206,62.922114167013206,62.922114167013206,63.060519374965224,63.012398541963194,63.21135391696589,,63.9571724999696,z,1,0.7410635819542222,None,P5,001,2025-11-18_14h03.11.681,PosnerCueing_SoloProject,,2025.1.1,None,2025-11-18 14h03.27.455416 +0530,
64,valid,left,150,150,1000,36,36,0,z,1,1.271307916031219,None,0,36,36,63,63.971032625006046,,,,,,,,,63.961720624996815,63.971032625006046,63.971032625006046,63.971032625006046,64.45553270896198,64.46082370897057,64.46082370897057,64.46082370897057,64.59513458400033,64.55569274997106,64.7559447499807,65.54471154196654,66.02935937501024,z,1,1.271307916031219,None,P5,001,2025-11-18_14h03.11.681,PosnerCueing_SoloProject,,2025.1.1,None,2025-11-18 14h03.27.455416 +0530,
19,invalid,left,100,150,1000,37,37,0,z,1,0.6882975819753483,None,0,37,37,18,66.04178429197054,,,,,,,,,66.033486291999,66.04178429197054,66.04178429197054,66.04178429197054,66.5303832499776,66.53817899996648,66.53817899996648,66.53817899996648,66.62804145901464,66.62201437499607,66.77792295900872,,67.47440854198067,z,1,0.6882975819753483,None,P5,001,2025-11-18_14h03.11.681,PosnerCueing_SoloProject,,2025.1.1,None,2025-11-18 14h03.27.455416 +0530,
95,invalid,right,150,150,1000,38,38,0,m,1,0.4178195000276901,None,0,38,38,94,67.48767191701336,,,,,,,,,67.47871637501521,67.48767191701336,67.48767191701336,67.48767191701336,67.97195083397673,67.97786237497348,67.97786237497348,67.97786237497348,68.1111111670034,68.07240937498864,68.27229062496917,,68.69668520899722,m,1,0.4178195000276901,None,P5,001,2025-11-18_14h03.11.681,PosnerCueing_SoloProject,,2025.1.1,None,2025-11-18 14h03.27.455416 +0530,
70,valid,right,100,150,1000,39,39,0,m,1,0.7630449580028653,None,0,39,39,69,68.70882416696986,,,,,,,,,68.70101787499152,68.70882416696986,68.70882416696986,68.70882416696986,69.1969860419631,69.20542770897737,69.20542770897737,69.20542770897737,69.29585383401718,69.29585383401718,69.44513312500203,,70.21347816701746,m,1,0.7630449580028653,None,P5,001,2025-11-18_14h03.11.681,PosnerCueing_SoloProject,,2025.1.1,None,2025-11-18 14h03.27.455416 +0530,
90,invalid,left,150,150,1000,40,40,0,z,1,0.7138300410006195,None,0,40,40,89,70.22494279197417,,,,,,,,,70.21429845900275,70.22494279197417,70.22494279197417,70.22494279197417,70.71232824999606,70.72270583396312,70.72270583396312,70.72270583396312,70.85592958400957,70.8127171669621,71.01145204197383,,71.73027079197345,z,1,0.7138300410006195,None,P5,001,2025-11-18_14h03.11.681,PosnerCueing_SoloProject,,2025.1.1,None,2025-11-18 14h03.27.455416 +0530,
54,valid,right,150,150,1000,41,41,0,m,1,1.0626574989873916,None,0,41,41,53,71.7415814169799,,,,,,,,,71.73126270901412,71.7415814169799,71.7415814169799,71.7415814169799,72.22906520898687,72.23932029196294,72.23932029196294,72.23932029196294,72.37244312500115,72.32951691700146,72.52857129200129,73.32266987499315,73.59757325000828,m,1,1.0626574989873916,None,P5,001,2025-11-18_14h03.11.681,PosnerCueing_SoloProject,,2025.1.1,None,2025-11-18 14h03.27.455416 +0530,
34,valid,left,50,150,1000,42,42,0,z,1,3.138955207017716,None,0,42,42,33,73.61004574998515,,,,,,,,,73.60219437500928,73.61004574998515,73.61004574998515,73.61004574998515,74.09623500000453,74.10583929199493,74.10583929199493,74.10583929199493,74.14433279196965,74.19651758397231,74.29543458396802,75.18921337497886,77.44218462496065,z,1,3.138955207017716,None,P5,001,2025-11-18_14h03.11.681,PosnerCueing_SoloProject,,2025.1.1,None,2025-11-18 14h03.27.455416 +0530,
13,invalid,left,50,150,1000,43,43,0,z,1,0.7166299580130726,None,0,43,43,12,77.45602908398723,,,,,,,,,77.44692804198712,77.45602908398723,77.45602908398723,77.45602908398723,77.93900595896412,77.9438527500024,77.9438527500024,77.9438527500024,77.97798483399674,78.0463059169706,78.1396430839668,,78.85784891701769,z,1,0.7166299580130726,None,P5,001,2025-11-18_14h03.11.681,PosnerCueing_SoloProject,,2025.1.1,None,2025-11-18 14h03.27.455416 +0530,
62,valid,right,100,150,1000,44,44,0,m,1,0.37012541602598503,None,0,44,44,61,78.87014458398335,,,,,,,,,78.8589936249773,78.87014458398335,78.87014458398335,78.87014458398335,79.35586737497943,79.3615046669729,79.3615046669729,79.3615046669729,79.44503033399815,79.45585641701473,79.60617099999217,,79.98059929197188,m,1,0.37012541602598503,None,P5,001,2025-11-18_14h03.11.681,PosnerCueing_SoloProject,,2025.1.1,None,2025-11-18 14h03.27.455416 +0530,
68,invalid,right,150,150,1000,45,45,0,m,1,2.021538874018006,None,0,45,45,67,79.99301537498832,,,,,,,,,79.98533358401619,79.99301537498832,79.99301537498832,79.99301537498832,80.4800537499832,80.48924508399796,80.48924508399796,80.48924508399796,80.62272266700165,80.58006291696802,80.77877212496242,81.57272745901719,82.80868287500925,m,1,2.021538874018006,None,P5,001,2025-11-18_14h03.11.681,PosnerCueing_SoloProject,,2025.1.1,None,2025-11-18 14h03.27.455416 +0530,
94,valid,right,50,150,1000,46,46,0,m,1,1.0451652490301058,None,0,46,46,93,82.82293720898451,,,,,,,,,82.8140494999825,82.82293720898451,82.82293720898451,82.82293720898451,83.30586679198314,83.31093112501549,83.31093112501549,83.31093112501549,83.34441908396548,83.405936791969,83.50616058398737,84.39498470898252,84.55818395898677,m,1,1.0451652490301058,None,P5,001,2025-11-18_14h03.11.681,PosnerCueing_SoloProject,,2025.1.1,None,2025-11-18 14h03.27.455416 +0530,
85,valid,left,50,150,1000,47,47,0,z,1,0.7219079989590682,None,0,47,47,84,84.57225249998737,,,,,,,,,84.56331662496086,84.57225249998737,84.57225249998737,84.57225249998737,85.05597779201344,85.06112966698129,85.06112966698129,85.06112966698129,85.09460504201706,85.15600504196482,85.25639075000072,,85.98012545896927,z,1,0.7219079989590682,None,P5,001,2025-11-18_14h03.11.681,PosnerCueing_SoloProject,,2025.1.1,None,2025-11-18 14h03.27.455416 +0530,
57,valid,left,100,150,1000,48,48,0,m,0,2.0379614160046913,None,0,48,48,56,85.98993362498004,,,,,,,,,85.98100620898185,85.98993362498004,85.98993362498004,85.98993362498004,86.47924358397722,86.47924358397722,86.47924358397722,86.47924358397722,86.57259145897115,86.57259145897115,86.72927029198036,87.56126108398894,88.77475945901824,m,0,2.0379614160046913,None,P5,001,2025-11-18_14h03.11.681,PosnerCueing_SoloProject,,2025.1.1,None,2025-11-18 14h03.27.455416 +0530,
72,invalid,left,100,150,1000,49,49,0,z,1,0.6332399990060367,None,0,49,49,71,88.78924687497783,,,,,,,,,88.77891908399761,88.78924687497783,88.78924687497783,88.78924687497783,89.272518459009,89.27806258399505,89.27806258399505,89.27806258399505,89.36138550000032,89.37291537498822,89.52291324996622,,90.15771737496834,z,1,0.6332399990060367,None,P5,001,2025-11-18_14h03.11.681,PosnerCueing_SoloProject,,2025.1.1,None,2025-11-18 14h03.27.455416 +0530,
56,invalid,right,100,150,1000,50,50,0,m,1,0.5536714160116389,None,0,50,50,55,90.17108258401277,,,,,,,,,90.1619760839967,90.17108258401277,90.17108258401277,90.17108258401277,90.6560439169989,90.66233704198385,90.66233704198385,90.66233704198385,90.74502550001489,90.75658520899015,90.90649995900458,,91.4644746669801,m,1,0.5536714160116389,None,P5,001,2025-11-18_14h03.11.681,PosnerCueing_SoloProject,,2025.1.1,None,2025-11-18 14h03.27.455416 +0530,
20,invalid,left,150,150,1000,51,51,0,z,1,0.47831220796797425,None,0,51,51,19,91.47693779197289,,,,,,,,,91.46907087496947,91.47693779197289,91.47693779197289,91.47693779197289,91.96418499998981,91.97266120900167,91.97266120900167,91.97266120900167,92.11149312497582,92.06293412501691,92.26281329197809,,92.74726762500359,z,1,0.47831220796797425,None,P5,001,2025-11-18_14h03.11.681,PosnerCueing_SoloProject,,2025.1.1,None,2025-11-18 14h03.27.455416 +0530,
96,invalid,left,100,150,1000,52,52,0,z,1,0.6216348320012912,None,0,52,52,95,92.75820974999806,,,,,,,,,92.74811041698558,92.75820974999806,92.75820974999806,92.75820974999806,93.24635958397994,93.25616350001656,93.25616350001656,93.25616350001656,93.34599424997577,93.34599424997577,93.4954934589914,,94.12471254199045,z,1,0.6216348320012912,None,P5,001,2025-11-18_14h03.11.681,PosnerCueing_SoloProject,,2025.1.1,None,2025-11-18 14h03.27.455416 +0530,
42,invalid,right,150,150,1000,53,53,0,m,1,0.6905939580174163,None,0,53,53,41,94.13775166700361,,,,,,,,,94.12916808400769,94.13775166700361,94.13775166700361,94.13775166700361,94.62269191700034,94.62833979196148,94.62833979196148,94.62833979196148,94.76184824999655,94.72268558398355,94.92363795900019,,95.62451312498888,m,1,0.6905939580174163,None,P5,001,2025-11-18_14h03.11.681,PosnerCueing_SoloProject,,2025.1.1,None,2025-11-18 14h03.27.455416 +0530,
78,invalid,right,100,150,1000,54,54,0,m,1,0.6372348330332898,None,0,54,54,77,95.63396083400585,,,,,,,,,95.62519654200878,95.63396083400585,95.63396083400585,95.63396083400585,96.11339270899771,96.12863858399214,96.12863858399214,96.12863858399214,96.20704224996734,96.2131094589713,96.37295175000327,,97.01395383401541,m,1,0.6372348330332898,None,P5,001,2025-11-18_14h03.11.681,PosnerCueing_SoloProject,,2025.1.1,None,2025-11-18 14h03.27.455416 +0530,
25,invalid,right,150,150,1000,55,55,0,m,1,0.5689492910169065,None,0,55,55,24,97.02459816698683,,,,,,,,,97.014861750009,97.02459816698683,97.02459816698683,97.02459816698683,97.51416483399225,97.52256554196356,97.52256554196356,97.52256554196356,97.66189504199428,97.61437091697007,97.81218058400555,,98.39176579198102,m,1,0.5689492910169065,None,P5,001,2025-11-18_14h03.11.681,PosnerCueing_SoloProject,,2025.1.1,None,2025-11-18 14h03.27.455416 +0530,
14,valid,left,50,150,1000,56,56,0,z,1,0.6252010829630308,None,0,56,56,13,98.40401691698935,,,,,,,,,98.39292249997379,98.40401691698935,98.40401691698935,98.40401691698935,98.88948745897505,98.89519670896698,98.89519670896698,98.89519670896698,98.92813279200345,98.98953962500673,99.08991120901192,,99.72500083397608,z,1,0.6252010829630308,None,P5,001,2025-11-18_14h03.11.681,PosnerCueing_SoloProject,,2025.1.1,None,2025-11-18 14h03.27.455416 +0530,
48,valid,right,50,150,1000,57,57,0,m,1,0.5279111660202034,None,0,57,57,47,99.73948483396089,,,,,,,,,99.73045791697223,99.73948483396089,99.73948483396089,99.73948483396089,100.22273320896784,100.22832237498369,100.22832237498369,100.22832237498369,100.26160262501799,100.32315245899372,100.42325112497201,,100.95810179196997,m,1,0.5279111660202034,None,P5,001,2025-11-18_14h03.11.681,PosnerCueing_SoloProject,,2025.1.1,None,2025-11-18 14h03.27.455416 +0530,
41,valid,left,50,150,1000,58,58,0,z,1,0.2976968750008382,None,0,58,58,40,100.96913541696267,,,,,,,,,100.9620107919909,100.96913541696267,100.96913541696267,100.96913541696267,101.45618383400142,101.46166354196612,101.46166354196612,101.46166354196612,101.49457387498114,101.55619737500092,101.65653920901241,,101.9581577089848,z,1,0.2976968750008382,None,P5,001,2025-11-18_14h03.11.681,PosnerCueing_SoloProject,,2025.1.1,None,2025-11-18 14h03.27.455416 +0530,
45,valid,right,150,150,1000,59,59,0,m,1,0.19243741600075737,None,0,59,59,44,101.972168917011,,,,,,,,,101.96276566700544,101.972168917011,101.972168917011,101.972168917011,102.4559767919709,102.46197266696254,102.46197266696254,102.46197266696254,102.59512762498343,102.55624912498752,102.75667379196966,,102.95843008399243,m,1,0.19243741600075737,None,P5,001,2025-11-18_14h03.11.681,PosnerCueing_SoloProject,,2025.1.1,None,2025-11-18 14h03.27.455416 +0530,
22,valid,left,150,150,1000,60,60,0,z,1,0.20877416600706056,None,0,60,60,21,102.9720039590029,,,,,,,,,102.96271062496817,102.9720039590029,102.9720039590029,102.9720039590029,103.4564145419863,103.46208316698903,103.46208316698903,103.46208316698903,103.59505891700974,103.55642024998087,103.75645820901264,,103.97515770897735,z,1,0.20877416600706056,None,P5,001,2025-11-18_14h03.11.681,PosnerCueing_SoloProject,,2025.1.1,None,2025-11-18 14h03.27.455416 +0530,
75,valid,left,100,150,1000,61,61,0,z,1,0.5030007910099812,None,0,61,61,74,103.9874318339862,,,,,,,,,103.9762901670183,103.9874318339862,103.9874318339862,103.9874318339862,104.47298712498741,104.47888183401665,104.47888183401665,104.47888183401665,104.56149654200999,104.57318674999988,104.72319845901802,,105.23076679196674,z,1,0.5030007910099812,None,P5,001,2025-11-18_14h03.11.681,PosnerCueing_SoloProject,,2025.1.1,None,2025-11-18 14h03.27.455416 +0530,
61,invalid,left,100,150,1000,62,62,0,z,1,0.8361017500283197,None,0,62,62,60,105.24300191696966,,,,,,,,,105.23516458400991,105.24300191696966,105.24300191696966,105.24300191696966,105.73115058400435,105.73917912499746,105.73917912499746,105.73917912499746,105.82973487500567,105.82973487500567,105.9789344589808,106.8234922499978,106.82521720899967,z,1,0.8361017500283197,None,P5,001,2025-11-18_14h03.11.681,PosnerCueing_SoloProject,,2025.1.1,None,2025-11-18 14h03.27.455416 +0530,
69,valid,right,150,150,1000,63,63,0,m,1,0.3147847490035929,None,0,63,63,68,106.83676475001266,,,,,,,,,106.82639449997805,106.83676475001266,106.83676475001266,106.83676475001266,107.32297304196982,107.32856883399654,107.32856883399654,107.32856883399654,107.46235604200047,107.42292233399348,107.6234674169682,,107.94150658400031,m,1,0.3147847490035929,None,P5,001,2025-11-18_14h03.11.681,PosnerCueing_SoloProject,,2025.1.1,None,2025-11-18 14h03.27.455416 +0530,
47,invalid,right,150,150,1000,64,64,0,z,1,0.6601697080186568,None,0,64,64,46,107.95509412500542,,,,,,,,,107.94673195900396,107.95509412500542,107.95509412500542,107.95509412500542,108.43977587501286,108.44586454197997,108.44586454197997,108.44586454197997,108.5786843340029,108.53960508399177,108.73989683401305,,109.4084331250051,z,1,0.6601697080186568,None,P5,001,2025-11-18_14h03.11.681,PosnerCueing_SoloProject,,2025.1.1,None,2025-11-18 14h03.27.455416 +0530,
84,invalid,left,50,150,1000,65,65,0,z,1,1.444535040995106,None,0,65,65,83,109.42004649998853,,,,,,,,,109.41176670900313,109.42004649998853,109.42004649998853,109.42004649998853,109.90618799999356,109.91185595898423,109.91185595898423,109.91185595898423,109.94459745899076,110.00638958398486,110.10667733399896,110.99522341700504,111.55907337501412,z,1,1.444535040995106,None,P5,001,2025-11-18_14h03.11.681,PosnerCueing_SoloProject,,2025.1.1,None,2025-11-18 14h03.27.455416 +0530,
46,invalid,right,50,150,1000,66,66,0,m,1,0.725391207030043,None,0,66,66,45,111.57371679198695,,,,,,,,,111.56434733397327,111.57371679198695,111.57371679198695,111.57371679198695,112.05640183400828,112.06206891697366,112.06206891697366,112.06206891697366,112.0951843750081,112.15647237497615,112.2566784590017,,112.99215287499828,m,1,0.725391207030043,None,P5,001,2025-11-18_14h03.11.681,PosnerCueing_SoloProject,,2025.1.1,None,2025-11-18 14h03.27.455416 +0530,
3,valid,right,150,150,1000,67,67,0,m,1,0.2993809159961529,None,0,67,67,2,113.00668495899299,,,,,,,,,112.99793741700705,113.00668495899299,113.00668495899299,113.00668495899299,113.4896667089779,113.49577766697621,113.49577766697621,113.49577766697621,113.62839349999558,113.58969120896654,113.78976920899004,,114.0926565839909,m,1,0.2993809159961529,None,P5,001,2025-11-18_14h03.11.681,PosnerCueing_SoloProject,,2025.1.1,None,2025-11-18 14h03.27.455416 +0530,
76,invalid,right,150,150,1000,68,68,0,z,1,0.32900424901163206,None,0,68,68,75,114.10602891701274,,,,,,,,,114.09704308398068,114.10602891701274,114.10602891701274,114.10602891701274,114.58971783396555,114.59589070896618,114.59589070896618,114.59589070896618,114.7285361670074,114.68968758400297,114.8901724590105,,115.22484229196562,z,1,0.32900424901163206,None,P5,001,2025-11-18_14h03.11.681,PosnerCueing_SoloProject,,2025.1.1,None,2025-11-18 14h03.27.455416 +0530,
29,valid,right,100,150,1000,69,69,0,m,1,1.8046745409956202,None,0,69,69,28,115.23854320897954,,,,,,,,,115.2294665419613,115.23854320897954,115.23854320897954,115.23854320897954,115.72312395897461,115.72913716698531,115.72913716698531,115.72913716698531,115.8120165420114,115.82346433401108,115.97342708398355,116.8118752919836,117.781164874963,m,1,1.8046745409956202,None,P5,001,2025-11-18_14h03.11.681,PosnerCueing_SoloProject,,2025.1.1,None,2025-11-18 14h03.27.455416 +0530,
92,invalid,right,100,150,1000,70,70,0,m,1,1.2244129580212757,None,0,70,70,91,117.792529792001,,,,,,,,,117.78501683397917,117.792529792001,117.792529792001,117.792529792001,118.28027441696031,118.28990624996368,118.28990624996368,118.28990624996368,118.37344033399131,118.38045012496877,118.52872520900564,119.37843774998328,119.75858608400449,m,1,1.2244129580212757,None,P5,001,2025-11-18_14h03.11.681,PosnerCueing_SoloProject,,2025.1.1,None,2025-11-18 14h03.27.455416 +0530,
53,valid,right,50,150,1000,71,71,0,m,1,0.6423852909938432,None,0,71,71,52,119.77290487498976,,,,,,,,,119.76402224996127,119.77290487498976,119.77290487498976,119.77290487498976,120.25612095900578,120.26176558400039,120.26176558400039,120.26176558400039,120.29506291699363,120.35652637499152,120.45662045897916,,121.10839750000741,m,1,0.6423852909938432,None,P5,001,2025-11-18_14h03.11.681,PosnerCueing_SoloProject,,2025.1.1,None,2025-11-18 14h03.27.455416 +0530,
8,valid,right,100,150,1000,72,72,0,m,1,0.7723842079867609,None,0,72,72,7,121.1193865420064,,,,,,,,,121.10925358399982,121.1193865420064,121.1193865420064,121.1193865420064,121.60656124999514,121.61231337499339,121.61231337499339,121.61231337499339,121.69533441698877,121.70678237499669,121.85673662496265,,122.6311502919998,m,1,0.7723842079867609,None,P5,001,2025-11-18_14h03.11.681,PosnerCueing_SoloProject,,2025.1.1,None,2025-11-18 14h03.27.455416 +0530,
51,invalid,left,50,150,1000,73,73,0,z,1,1.0445393749978393,None,0,73,73,50,122.64179295900976,,,,,,,,,122.63203579199035,122.64179295900976,122.64179295900976,122.64179295900976,123.13011754199397,123.13994808396092,123.13994808396092,123.13994808396092,123.17369424999924,123.2303894169745,123.3295371250133,124.223656459013,124.38128370896447,z,1,1.0445393749978393,None,P5,001,2025-11-18_14h03.11.681,PosnerCueing_SoloProject,,2025.1.1,None,2025-11-18 14h03.27.455416 +0530,
52,valid,left,100,150,1000,74,74,0,z,1,1.5349316240171902,None,0,74,74,51,124.39515366696287,,,,,,,,,124.38758029200835,124.39515366696287,124.39515366696287,124.39515366696287,124.88113075000001,124.88994812499732,124.88994812499732,124.88994812499732,124.9803574589896,124.9803574589896,125.12911020900356,125.97908812499372,126.67598695901688,z,1,1.5349316240171902,None,P5,001,2025-11-18_14h03.11.681,PosnerCueing_SoloProject,,2025.1.1,None,2025-11-18 14h03.27.455416 +0530,
33,valid,left,150,150,1000,75,75,0,z,1,0.27863462397363037,None,0,75,75,32,126.68687174998922,,,,,,,,,126.67745587497484,126.68687174998922,126.68687174998922,126.68687174998922,127.17345483397366,127.1796076669707,127.1796076669707,127.1796076669707,127.31196779198945,127.27328158396995,127.47346291696886,,127.75889516697498,z,1,0.27863462397363037,None,P5,001,2025-11-18_14h03.11.681,PosnerCueing_SoloProject,,2025.1.1,None,2025-11-18 14h03.27.455416 +0530,
55,valid,left,50,150,1000,76,76,0,z,1,0.9643117909436114,None,0,76,76,54,127.77013079199241,,,,,,,,,127.75994779198663,127.77013079199241,127.77013079199241,127.77013079199241,128.25668316701194,128.2635787499603,128.2635787499603,128.2635787499603,128.29511937499046,128.3566850000061,128.45698408398312,129.3455760839861,129.4253703749855,z,1,0.9643117909436114,None,P5,001,2025-11-18_14h03.11.681,PosnerCueing_SoloProject,,2025.1.1,None,2025-11-18 14h03.27.455416 +0530,
82,valid,left,50,150,1000,77,77,0,z,1,2.2465603739838116,None,0,77,77,81,129.4379544169642,,,,,,,,,129.42651904199738,129.4379544169642,129.4379544169642,129.4379544169642,129.9232636669767,129.92822204198455,129.92822204198455,129.92822204198455,129.96162920899224,130.023408500012,130.1235058750026,131.01250116701704,132.37620691698976,z,1,2.2465603739838116,None,P5,001,2025-11-18_14h03.11.681,PosnerCueing_SoloProject,,2025.1.1,None,2025-11-18 14h03.27.455416 +0530,
7,valid,left,150,150,1000,78,78,0,z,1,1.18324520700844,None,0,78,78,6,132.3870147090056,,,,,,,,,132.37724266701844,132.3870147090056,132.3870147090056,132.3870147090056,132.87364441697719,132.8784706669976,132.8784706669976,132.8784706669976,133.01240029197652,132.97337670897832,133.1737993750139,133.96200737496838,134.35953862499446,z,1,1.18324520700844,None,P5,001,2025-11-18_14h03.11.681,PosnerCueing_SoloProject,,2025.1.1,None,2025-11-18 14h03.27.455416 +0530,
74,invalid,right,100,150,1000,79,79,0,m,1,0.8350927490391769,None,0,79,79,73,134.37309941701824,,,,,,,,,134.36094633396715,134.37309941701824,134.37309941701824,134.37309941701824,134.85668949998217,134.8622812500107,134.8622812500107,134.8622812500107,134.94574695901247,134.95695279201027,135.10676416696515,135.9455037919688,135.94686525000725,m,1,0.8350927490391769,None,P5,001,2025-11-18_14h03.11.681,PosnerCueing_SoloProject,,2025.1.1,None,2025-11-18 14h03.27.455416 +0530,
4,invalid,right,150,150,1000,80,80,0,m,1,1.066548208007589,None,0,80,80,3,135.95727345900377,,,,,,,,,135.94769724999787,135.95727345900377,135.95727345900377,135.95727345900377,136.44009287498193,136.44604366697604,136.44604366697604,136.44604366697604,136.5791063340148,136.5398167920066,136.74039141699905,137.52902708400507,137.80953945900546,m,1,1.066548208007589,None,P5,001,2025-11-18_14h03.11.681,PosnerCueing_SoloProject,,2025.1.1,None,2025-11-18 14h03.27.455416 +0530,
26,valid,right,50,150,1000,81,81,0,m,1,1.4909172910265625,None,0,81,81,25,137.82232112501515,,,,,,,,,137.8135839169845,137.82232112501515,137.82232112501515,137.82232112501515,138.30710845900467,138.31196416699095,138.31196416699095,138.31196416699095,138.345487374987,138.40676454198547,138.5069711249671,139.39562595897587,140.00916020898148,m,1,1.4909172910265625,None,P5,001,2025-11-18_14h03.11.681,PosnerCueing_SoloProject,,2025.1.1,None,2025-11-18 14h03.27.455416 +0530,
43,invalid,right,50,150,1000,82,82,0,m,1,0.9728775409748778,None,0,82,82,42,140.02325308398576,,,,,,,,,140.01379637501668,140.02325308398576,140.02325308398576,140.02325308398576,140.50684912496945,140.51208645896986,140.51208645896986,140.51208645896986,140.54554545896826,140.60688245901838,140.70714762498392,141.59658191696508,141.68181854201248,m,1,0.9728775409748778,None,P5,001,2025-11-18_14h03.11.681,PosnerCueing_SoloProject,,2025.1.1,None,2025-11-18 14h03.27.455416 +0530,
9,valid,left,50,150,1000,83,83,0,z,1,0.5776243740110658,None,0,83,83,8,141.6927924589836,,,,,,,,,141.68287287501153,141.6927924589836,141.6927924589836,141.6927924589836,142.18053462501848,142.19014124997193,142.19014124997193,142.19014124997193,142.22390083398204,142.28054204198997,142.37937429198064,,142.95884266699431,z,1,0.5776243740110658,None,P5,001,2025-11-18_14h03.11.681,PosnerCueing_SoloProject,,2025.1.1,None,2025-11-18 14h03.27.455416 +0530,
38,invalid,left,50,150,1000,84,84,0,z,1,0.7047312069917098,None,0,84,84,37,142.9737009590026,,,,,,,,,142.96507454197854,142.9737009590026,142.9737009590026,142.9737009590026,143.4566036670003,143.4625101669808,143.4625101669808,143.4625101669808,143.4953166670166,143.55694337497698,143.65729925001506,,144.36482987500494,z,1,0.7047312069917098,None,P5,001,2025-11-18_14h03.11.681,PosnerCueing_SoloProject,,2025.1.1,None,2025-11-18 14h03.27.455416 +0530,
5,valid,left,100,150,1000,85,85,0,z,1,0.9628254569834098,None,0,85,85,4,144.37675299996044,,,,,,,,,144.36908537498675,144.37675299996044,144.37675299996044,144.37675299996044,144.86492416699184,144.87346637499286,144.87346637499286,144.87346637499286,144.9638296670164,144.9638296670164,145.11313954199431,145.96203150000656,146.0818485839991,z,1,0.9628254569834098,None,P5,001,2025-11-18_14h03.11.681,PosnerCueing_SoloProject,,2025.1.1,None,2025-11-18 14h03.27.455416 +0530,
86,invalid,left,50,150,1000,86,86,0,z,1,0.5777363739907742,None,0,86,86,85,146.09444320900366,,,,,,,,,146.08630912500666,146.09444320900366,146.09444320900366,146.09444320900366,146.58032083400758,146.59065429196926,146.59065429196926,146.59065429196926,146.62389849999454,146.68061016697902,146.7792091249721,,147.3586644169991,z,1,0.5777363739907742,None,P5,001,2025-11-18_14h03.11.681,PosnerCueing_SoloProject,,2025.1.1,None,2025-11-18 14h03.27.455416 +0530,
11,valid,left,150,150,1000,87,87,0,z,1,1.3746283740038052,None,0,87,87,10,147.37198766699294,,,,,,,,,147.36332004197175,147.37198766699294,147.37198766699294,147.37198766699294,147.8566682090168,147.8630062919692,147.8630062919692,147.8630062919692,147.99610112496885,147.95690441696206,148.15730700001586,148.94559149997076,149.54312291700626,z,1,1.3746283740038052,None,P5,001,2025-11-18_14h03.11.681,PosnerCueing_SoloProject,,2025.1.1,None,2025-11-18 14h03.27.455416 +0530,
71,invalid,right,100,150,1000,88,88,0,m,1,0.7801942069781944,None,0,88,88,70,149.55521174997557,,,,,,,,,149.5446642920142,149.55521174997557,149.55521174997557,149.55521174997557,150.0402883340139,150.0465661669732,150.0465661669732,150.0465661669732,150.12879079196136,150.14043837500503,150.29083233396523,,151.0754629590083,m,1,0.7801942069781944,None,P5,001,2025-11-18_14h03.11.681,PosnerCueing_SoloProject,,2025.1.1,None,2025-11-18 14h03.27.455416 +0530,
23,valid,right,50,150,1000,89,89,0,m,1,1.8450458330335096,None,0,89,89,22,151.0894045419991,,,,,,,,,151.08060041698627,151.0894045419991,151.0894045419991,151.0894045419991,151.57334495900432,151.57928058400284,151.57928058400284,151.57928058400284,151.61271495901747,151.673881041992,151.77396725001745,152.66315320896683,153.62591379199876,m,1,1.8450458330335096,None,P5,001,2025-11-18_14h03.11.681,PosnerCueing_SoloProject,,2025.1.1,None,2025-11-18 14h03.27.455416 +0530,
31,invalid,right,50,150,1000,90,90,0,m,1,0.8089541660156101,None,0,90,90,30,153.640951459005,,,,,,,,,153.6314588339883,153.640951459005,153.640951459005,153.640951459005,154.12332841701573,154.1289833339979,154.1289833339979,154.1289833339979,154.16230629198253,154.22394749999512,154.32394383399514,,155.1426547919982,m,1,0.8089541660156101,None,P5,001,2025-11-18_14h03.11.681,PosnerCueing_SoloProject,,2025.1.1,None,2025-11-18 14h03.27.455416 +0530,
66,valid,left,150,150,1000,91,91,0,z,1,0.8341126660234295,None,0,91,91,65,155.15410091698868,,,,,,,,,155.14370324998163,155.15410091698868,155.15410091698868,155.15410091698868,155.64045437501045,155.64634962496348,155.64634962496348,155.64634962496348,155.7795573339681,155.74042833398562,155.9406835839618,156.72961012501037,156.78100358397933,z,1,0.8341126660234295,None,P5,001,2025-11-18_14h03.11.681,PosnerCueing_SoloProject,,2025.1.1,None,2025-11-18 14h03.27.455416 +0530,
21,valid,right,100,150,1000,92,92,0,m,1,0.8900210830033757,None,0,92,92,20,156.79345691698836,,,,,,,,,156.78541116701672,156.79345691698836,156.79345691698836,156.79345691698836,157.2811873339815,157.2904259999632,157.2904259999632,157.2904259999632,157.3806005839724,157.3806005839724,157.5300960839959,158.37415275000967,158.42640841699904,m,1,0.8900210830033757,None,P5,001,2025-11-18_14h03.11.681,PosnerCueing_SoloProject,,2025.1.1,None,2025-11-18 14h03.27.455416 +0530,
89,invalid,left,150,150,1000,93,93,0,z,1,0.6157195830019191,None,0,93,93,88,158.43971070897533,,,,,,,,,158.4278557089856,158.43971070897533,158.43971070897533,158.43971070897533,158.92374979198212,158.9288042919943,158.9288042919943,158.9288042919943,159.06274604197824,159.02373145899037,159.22423358401284,,159.84240141697228,z,1,0.6157195830019191,None,P5,001,2025-11-18_14h03.11.681,PosnerCueing_SoloProject,,2025.1.1,None,2025-11-18 14h03.27.455416 +0530,
39,valid,right,100,150,1000,94,94,0,m,1,1.0069703320041299,None,0,94,94,38,159.85419649997493,,,,,,,,,159.84353295899928,159.85419649997493,159.85419649997493,159.85419649997493,160.34050262498204,160.34647987497738,160.34647987497738,160.34647987497738,160.42860312497942,160.4406734170043,160.59090266696876,161.42934249999234,161.61013479199028,m,1,1.0069703320041299,None,P5,001,2025-11-18_14h03.11.681,PosnerCueing_SoloProject,,2025.1.1,None,2025-11-18 14h03.27.455416 +0530,
49,invalid,right,50,150,1000,95,95,0,m,1,1.1154261659830809,None,0,95,95,48,161.62447529198835,,,,,,,,,161.61576983396662,161.62447529198835,161.62447529198835,161.62447529198835,162.1069009170169,162.11312449997058,162.11312449997058,162.11312449997058,162.14606004196685,162.20721591700567,162.30758083396358,163.19620091700926,163.4265962089994,m,1,1.1154261659830809,None,P5,001,2025-11-18_14h03.11.681,PosnerCueing_SoloProject,,2025.1.1,None,2025-11-18 14h03.27.455416 +0530,
