thisN,thisTrialN,thisRepN,tilt,key_resp.keys,key_resp.corr,key_resp.rt,key_resp.duration,trials.thisRepN,trials.thisTrialN,trials.thisN,trials.thisIndex,thisRow.t,notes,trial.started,fixation.started,key_resp.started,fixation.stopped,trial.stopped,trials.tilt,trials.key_resp.keys,trials.key_resp.corr,trials.key_resp.rt,trials.key_resp.duration,participant,session,date,expName,expVersion,psychopyVersion,frameRate,expStart,
0,0,0,2,down,1,1.0425138330028858,None,0,0,0,0,0.05426562498905696,,0.0237783749907976,0.05426562498905696,1.0203699579869863,1.04774945799727,2.4570297499885783,2,down,1,1.0425138330028858,None,PARTICIPANT 1,001,2025-09-09_12h23.23.216,Orientation discrimination task_measures of signal detection,,2025.1.1,121.08217288692461,2025-09-09 12h23.40.454752 +0530,
1,0,1,0,down,0,1.2012700410123216,None,1,0,1,0,2.6016306669916958,,2.457245249999687,2.6016306669916958,3.4505399579938967,3.5995773329923395,4.661307416987256,0,down,0,1.2012700410123216,None,PARTICIPANT 1,001,2025-09-09_12h23.23.216,Orientation discrimination task_measures of signal detection,,2025.1.1,121.08217288692461,2025-09-09 12h23.40.454752 +0530,
2,0,2,-2,down,1,1.2558803749998333,None,2,0,2,0,4.688540916991769,,4.661845124996034,4.688540916991769,5.659042374987621,5.681664166986593,6.917460832992219,-2,down,1,1.2558803749998333,None,PARTICIPANT 1,001,2025-09-09_12h23.23.216,Orientation discrimination task_measures of signal detection,,2025.1.1,121.08217288692461,2025-09-09 12h23.40.454752 +0530,
3,0,3,0,up,1,1.1781486669933656,None,3,0,3,0,6.9285907079902245,,6.91803549999895,6.9285907079902245,7.917723374994239,7.925926582989632,9.100515624988475,0,up,1,1.1781486669933656,None,PARTICIPANT 1,001,2025-09-09_12h23.23.216,Orientation discrimination task_measures of signal detection,,2025.1.1,121.08217288692461,2025-09-09 12h23.40.454752 +0530,
4,0,4,-2,down,1,0.9597561660048086,None,4,0,4,0,9.125993707988528,,9.101046707990463,9.125993707988528,10.092005041995435,10.116487541992683,11.061505207995651,-2,down,1,0.9597561660048086,None,PARTICIPANT 1,001,2025-09-09_12h23.23.216,Orientation discrimination task_measures of signal detection,,2025.1.1,121.08217288692461,2025-09-09 12h23.40.454752 +0530,
5,0,5,1,down,1,0.8284363749990007,None,5,0,5,0,11.071439207997173,,11.062171291996492,11.071439207997173,12.059403582999948,12.066051166999387,12.895028291997733,1,down,1,0.8284363749990007,None,PARTICIPANT 1,001,2025-09-09_12h23.23.216,Orientation discrimination task_measures of signal detection,,2025.1.1,121.08217288692461,2025-09-09 12h23.40.454752 +0530,
6,0,6,-4,down,1,0.8639520840079058,None,6,0,6,0,12.90675383299822,,12.895681791997049,12.90675383299822,13.892071750000468,13.89857987499272,14.76190712499374,-4,down,1,0.8639520840079058,None,PARTICIPANT 1,001,2025-09-09_12h23.23.216,Orientation discrimination task_measures of signal detection,,2025.1.1,121.08217288692461,2025-09-09 12h23.40.454752 +0530,
7,0,7,0,up,1,0.82705445800093,None,7,0,7,0,14.774729999990086,,14.762590999991517,14.774729999990086,15.758767874998739,15.765366416992038,16.59472699998878,0,up,1,0.82705445800093,None,PARTICIPANT 1,001,2025-09-09_12h23.23.216,Orientation discrimination task_measures of signal detection,,2025.1.1,121.08217288692461,2025-09-09 12h23.40.454752 +0530,
8,0,8,0,up,1,0.9149665000004461,None,8,0,8,0,16.605825416991138,,16.595200124997064,16.605825416991138,17.592962624999927,17.599580874986714,18.511462582988315,0,up,1,0.9149665000004461,None,PARTICIPANT 1,001,2025-09-09_12h23.23.216,Orientation discrimination task_measures of signal detection,,2025.1.1,121.08217288692461,2025-09-09 12h23.40.454752 +0530,
9,0,9,4,down,1,0.5492064170102822,None,9,0,9,0,18.5226834579953,,18.512070624987246,18.5226834579953,19.508821166993584,19.515915416995995,20.06171408299997,4,down,1,0.5492064170102822,None,PARTICIPANT 1,001,2025-09-09_12h23.23.216,Orientation discrimination task_measures of signal detection,,2025.1.1,121.08217288692461,2025-09-09 12h23.40.454752 +0530,
10,0,10,0,up,1,0.8541061669966439,None,10,0,10,0,20.073241916994448,,20.06226283298747,20.073241916994448,21.05874891699932,21.065137041994603,21.917613332989276,0,up,1,0.8541061669966439,None,PARTICIPANT 1,001,2025-09-09_12h23.23.216,Orientation discrimination task_measures of signal detection,,2025.1.1,121.08217288692461,2025-09-09 12h23.40.454752 +0530,
11,0,11,-2,down,1,0.8138023339997744,None,11,0,11,0,21.929190791997826,,21.91829170798883,21.929190791997826,22.918101082992507,22.925547082995763,23.734242457998334,-2,down,1,0.8138023339997744,None,PARTICIPANT 1,001,2025-09-09_12h23.23.216,Orientation discrimination task_measures of signal detection,,2025.1.1,121.08217288692461,2025-09-09 12h23.40.454752 +0530,
12,0,12,0,up,1,1.1143810420035152,None,12,0,12,0,23.745893957995577,,23.734892707987456,23.745893957995577,24.725556416990003,24.743383916997118,25.844727374991635,0,up,1,1.1143810420035152,None,PARTICIPANT 1,001,2025-09-09_12h23.23.216,Orientation discrimination task_measures of signal detection,,2025.1.1,121.08217288692461,2025-09-09 12h23.40.454752 +0530,
13,0,13,0,up,1,0.8675995000085095,None,13,0,13,0,25.855956542000058,,25.845321166998474,25.855956542000058,26.84233216699795,26.848225374997128,27.711985541987815,0,up,1,0.8675995000085095,None,PARTICIPANT 1,001,2025-09-09_12h23.23.216,Orientation discrimination task_measures of signal detection,,2025.1.1,121.08217288692461,2025-09-09 12h23.40.454752 +0530,
14,0,14,0,down,0,0.9804019590083044,None,14,0,14,0,27.723496999999043,,27.71270866699342,27.723496999999043,28.709710791998077,28.716157791990554,29.694738624995807,0,down,0,0.9804019590083044,None,PARTICIPANT 1,001,2025-09-09_12h23.23.216,Orientation discrimination task_measures of signal detection,,2025.1.1,121.08217288692461,2025-09-09 12h23.40.454752 +0530,
15,0,15,0,up,1,1.2057943330000853,None,15,0,15,0,29.706180791996303,,29.69530870798917,29.706180791996303,30.693058249991736,30.69983099999081,31.901856957993004,0,up,1,1.2057943330000853,None,PARTICIPANT 1,001,2025-09-09_12h23.23.216,Orientation discrimination task_measures of signal detection,,2025.1.1,121.08217288692461,2025-09-09 12h23.40.454752 +0530,
16,0,16,-3,down,1,1.1159262500004843,None,16,0,16,0,31.913167624996277,,31.902459749995614,31.913167624996277,32.90183716699539,32.90913499999442,34.02876383299008,-3,down,1,1.1159262500004843,None,PARTICIPANT 1,001,2025-09-09_12h23.23.216,Orientation discrimination task_measures of signal detection,,2025.1.1,121.08217288692461,2025-09-09 12h23.40.454752 +0530,
17,0,17,-4,down,1,1.040192250002292,None,17,0,17,0,34.03919024999777,,34.02940841698728,34.03919024999777,35.02665137499571,35.03354199999012,36.078770082996925,-4,down,1,1.040192250002292,None,PARTICIPANT 1,001,2025-09-09_12h23.23.216,Orientation discrimination task_measures of signal detection,,2025.1.1,121.08217288692461,2025-09-09 12h23.40.454752 +0530,
18,0,18,0,down,0,1.93338987500465,None,18,0,18,0,36.0894324999972,,36.07932262499526,36.0894324999972,37.07651404199714,37.0833340829995,39.01199704199098,0,down,0,1.93338987500465,None,PARTICIPANT 1,001,2025-09-09_12h23.23.216,Orientation discrimination task_measures of signal detection,,2025.1.1,121.08217288692461,2025-09-09 12h23.40.454752 +0530,
19,0,19,0,up,1,0.9859584169898881,None,19,0,19,0,39.02290324999194,,39.012508041996625,39.02290324999194,40.009802666987525,40.01652325000032,41.001009082989185,0,up,1,0.9859584169898881,None,PARTICIPANT 1,001,2025-09-09_12h23.23.216,Orientation discrimination task_measures of signal detection,,2025.1.1,121.08217288692461,2025-09-09 12h23.40.454752 +0530,
20,0,20,-2,down,1,0.9505081660026917,None,20,0,20,0,41.012508457992226,,41.001660291993176,41.012508457992226,42.00125970799127,42.00968462499441,42.962482457995065,-2,down,1,0.9505081660026917,None,PARTICIPANT 1,001,2025-09-09_12h23.23.216,Orientation discrimination task_measures of signal detection,,2025.1.1,121.08217288692461,2025-09-09 12h23.40.454752 +0530,
21,0,21,0,up,1,0.9935238750040298,None,21,0,21,0,42.973928791994695,,42.963019249989884,42.973928791994695,43.95930512499763,43.965982582987635,44.9625739579933,0,up,1,0.9935238750040298,None,PARTICIPANT 1,001,2025-09-09_12h23.23.216,Orientation discrimination task_measures of signal detection,,2025.1.1,121.08217288692461,2025-09-09 12h23.40.454752 +0530,
22,0,22,0,up,1,4.003738499988685,None,22,0,22,0,44.973972374995355,,44.96334062499227,44.973972374995355,45.95973824999237,45.966204541997286,49.96860883299087,0,up,1,4.003738499988685,None,PARTICIPANT 1,001,2025-09-09_12h23.23.216,Orientation discrimination task_measures of signal detection,,2025.1.1,121.08217288692461,2025-09-09 12h23.40.454752 +0530,
23,0,23,-5,down,1,0.755262666993076,None,23,0,23,0,49.979740208000294,,49.96943483299401,49.979740208000294,50.96861170799821,50.97666883299826,51.729273166987696,-5,down,1,0.755262666993076,None,PARTICIPANT 1,001,2025-09-09_12h23.23.216,Orientation discrimination task_measures of signal detection,,2025.1.1,121.08217288692461,2025-09-09 12h23.40.454752 +0530,
24,0,24,0,up,1,0.877593415993033,None,24,0,24,0,51.74136216699844,,51.729986916994676,51.74136216699844,52.72612145799212,52.733112374990014,53.61297945799015,0,up,1,0.877593415993033,None,PARTICIPANT 1,001,2025-09-09_12h23.23.216,Orientation discrimination task_measures of signal detection,,2025.1.1,121.08217288692461,2025-09-09 12h23.40.454752 +0530,
25,0,25,3,down,1,0.5548480840079719,None,25,0,25,0,53.62506795799709,,53.61385216699273,53.62506795799709,54.6098850829876,54.61626954199164,55.16840412499732,3,down,1,0.5548480840079719,None,PARTICIPANT 1,001,2025-09-09_12h23.23.216,Orientation discrimination task_measures of signal detection,,2025.1.1,121.08217288692461,2025-09-09 12h23.40.454752 +0530,
26,0,26,0,up,1,1.4282347499975003,None,26,0,26,0,55.19357770799252,,55.16889754199656,55.19357770799252,56.168435374987894,56.183032207991346,57.601543624987244,0,up,1,1.4282347499975003,None,PARTICIPANT 1,001,2025-09-09_12h23.23.216,Orientation discrimination task_measures of signal detection,,2025.1.1,121.08217288692461,2025-09-09 12h23.40.454752 +0530,
27,0,27,0,up,1,0.8657107080071,None,27,0,27,0,57.6269027919916,,57.60213462499087,57.6269027919916,58.60191808298987,58.615539207996335,59.479720332994475,0,up,1,0.8657107080071,None,PARTICIPANT 1,001,2025-09-09_12h23.23.216,Orientation discrimination task_measures of signal detection,,2025.1.1,121.08217288692461,2025-09-09 12h23.40.454752 +0530,
28,0,28,0,up,1,0.9054688329924829,None,28,0,28,0,59.49146349998773,,59.48048245799146,59.49146349998773,60.4761827919865,60.48346454199054,61.38484299999254,0,up,1,0.9054688329924829,None,PARTICIPANT 1,001,2025-09-09_12h23.23.216,Orientation discrimination task_measures of signal detection,,2025.1.1,121.08217288692461,2025-09-09 12h23.40.454752 +0530,
29,0,29,1,up,0,0.8933220839971909,None,29,0,29,0,61.39625554200029,,61.38551304199791,61.39625554200029,62.38443737498892,62.39295874998788,63.284973457994056,1,up,0,0.8933220839971909,None,PARTICIPANT 1,001,2025-09-09_12h23.23.216,Orientation discrimination task_measures of signal detection,,2025.1.1,121.08217288692461,2025-09-09 12h23.40.454752 +0530,
30,0,30,0,up,1,0.7353697079961421,None,30,0,30,0,63.31034691698733,,63.28555304199108,63.31034691698733,64.27621570799965,64.29984945799515,65.01952195799095,0,up,1,0.7353697079961421,None,PARTICIPANT 1,001,2025-09-09_12h23.23.216,Orientation discrimination task_measures of signal detection,,2025.1.1,121.08217288692461,2025-09-09 12h23.40.454752 +0530,
31,0,31,0,up,1,0.7037685410032282,None,31,0,31,0,65.02745520799363,,65.01973212498706,65.02745520799363,66.01791974999651,66.01791974999651,66.7291992919927,0,up,1,0.7037685410032282,None,PARTICIPANT 1,001,2025-09-09_12h23.23.216,Orientation discrimination task_measures of signal detection,,2025.1.1,121.08217288692461,2025-09-09 12h23.40.454752 +0530,
32,0,32,0,up,1,0.8742708329955349,None,32,0,32,0,66.74090287499712,,66.72979770798702,66.74090287499712,67.7272866669955,67.73273387498921,68.61309979199723,0,up,1,0.8742708329955349,None,PARTICIPANT 1,001,2025-09-09_12h23.23.216,Orientation discrimination task_measures of signal detection,,2025.1.1,121.08217288692461,2025-09-09 12h23.40.454752 +0530,
33,0,33,0,up,1,0.6890610830014339,None,33,0,33,0,68.6235158329946,,68.6137462919869,68.6235158329946,69.60964495799271,69.61602020799182,70.30287004199636,0,up,1,0.6890610830014339,None,PARTICIPANT 1,001,2025-09-09_12h23.23.216,Orientation discrimination task_measures of signal detection,,2025.1.1,121.08217288692461,2025-09-09 12h23.40.454752 +0530,
34,0,34,0,up,1,0.6540577090054285,None,34,0,34,0,70.3134695419867,,70.30348379199859,70.3134695419867,71.3035071669874,71.31105304199446,71.96288458298659,0,up,1,0.6540577090054285,None,PARTICIPANT 1,001,2025-09-09_12h23.23.216,Orientation discrimination task_measures of signal detection,,2025.1.1,121.08217288692461,2025-09-09 12h23.40.454752 +0530,
35,0,35,0,up,1,0.5550477910001064,None,35,0,35,0,71.9774717919936,,71.96334145798755,71.9774717919936,72.96067016699817,72.96721799999068,73.52181841699348,0,up,1,0.5550477910001064,None,PARTICIPANT 1,001,2025-09-09_12h23.23.216,Orientation discrimination task_measures of signal detection,,2025.1.1,121.08217288692461,2025-09-09 12h23.40.454752 +0530,
36,0,36,-2,down,1,1.6963362920068903,None,36,0,36,0,73.53071804199135,,73.52233720799268,73.53071804199135,74.51921408298949,74.52636150000035,76.21833524999965,-2,down,1,1.6963362920068903,None,PARTICIPANT 1,001,2025-09-09_12h23.23.216,Orientation discrimination task_measures of signal detection,,2025.1.1,121.08217288692461,2025-09-09 12h23.40.454752 +0530,
37,0,37,0,up,1,0.9538353749958333,None,37,0,37,0,76.22954891699192,,76.21878591699351,76.22954891699192,77.2098422079871,77.22759912499168,78.16945183298958,0,up,1,0.9538353749958333,None,PARTICIPANT 1,001,2025-09-09_12h23.23.216,Orientation discrimination task_measures of signal detection,,2025.1.1,121.08217288692461,2025-09-09 12h23.40.454752 +0530,
38,0,38,0,up,1,0.6954177080042427,None,38,0,38,0,78.17969029198866,,78.16997683299996,78.17969029198866,79.16911912499927,79.17651741699956,79.86858699998993,0,up,1,0.6954177080042427,None,PARTICIPANT 1,001,2025-09-09_12h23.23.216,Orientation discrimination task_measures of signal detection,,2025.1.1,121.08217288692461,2025-09-09 12h23.40.454752 +0530,
39,0,39,-3,down,1,0.7643828329892131,None,39,0,39,0,79.87995749998663,,79.86924095799623,79.87995749998663,80.8692760829872,80.87643383299292,81.63546370799304,-3,down,1,0.7643828329892131,None,PARTICIPANT 1,001,2025-09-09_12h23.23.216,Orientation discrimination task_measures of signal detection,,2025.1.1,121.08217288692461,2025-09-09 12h23.40.454752 +0530,
40,0,40,2,down,1,0.7608904170047026,None,40,0,40,0,81.64683291698748,,81.6361052079883,81.64683291698748,82.62664358298935,82.64422370799002,83.39583099998708,2,down,1,0.7608904170047026,None,PARTICIPANT 1,001,2025-09-09_12h23.23.216,Orientation discrimination task_measures of signal detection,,2025.1.1,121.08217288692461,2025-09-09 12h23.40.454752 +0530,
41,0,41,-4,down,1,0.7277203330013435,None,41,0,41,0,83.40537808299996,,83.39631362499495,83.40537808299996,84.39392087499436,84.40058395799133,85.13203366698872,-4,down,1,0.7277203330013435,None,PARTICIPANT 1,001,2025-09-09_12h23.23.216,Orientation discrimination task_measures of signal detection,,2025.1.1,121.08217288692461,2025-09-09 12h23.40.454752 +0530,
42,0,42,0,up,1,0.8795759170025121,None,42,0,42,0,85.14381029199285,,85.13245345799078,85.14381029199285,86.12715033299173,86.13413554200088,87.01335645798827,0,up,1,0.8795759170025121,None,PARTICIPANT 1,001,2025-09-09_12h23.23.216,Orientation discrimination task_measures of signal detection,,2025.1.1,121.08217288692461,2025-09-09 12h23.40.454752 +0530,
43,0,43,0,up,1,0.6479589170048712,None,43,0,43,0,87.02469904199825,,87.01407266699243,87.02469904199825,88.01059954198718,88.02049924999301,88.66280070799985,0,up,1,0.6479589170048712,None,PARTICIPANT 1,001,2025-09-09_12h23.23.216,Orientation discrimination task_measures of signal detection,,2025.1.1,121.08217288692461,2025-09-09 12h23.40.454752 +0530,
44,0,44,3,down,1,0.6438794160058023,None,44,0,44,0,88.67375833299593,,88.66345537499001,88.67375833299593,89.6606122499943,89.66734887499479,90.31233329199313,3,down,1,0.6438794160058023,None,PARTICIPANT 1,001,2025-09-09_12h23.23.216,Orientation discrimination task_measures of signal detection,,2025.1.1,121.08217288692461,2025-09-09 12h23.40.454752 +0530,
45,0,45,2,down,1,0.7815687080001226,None,45,0,45,0,90.32205041698762,,90.31280762499955,90.32205041698762,91.3110706669977,91.31733408299624,92.09551745798672,2,down,1,0.7815687080001226,None,PARTICIPANT 1,001,2025-09-09_12h23.23.216,Orientation discrimination task_measures of signal detection,,2025.1.1,121.08217288692461,2025-09-09 12h23.40.454752 +0530,
46,0,46,0,up,1,1.0400332499993965,None,46,0,46,0,92.10454216699873,,92.09585616699769,92.10454216699873,93.09443141699012,93.10000566698727,94.14633995799522,0,up,1,1.0400332499993965,None,PARTICIPANT 1,001,2025-09-09_12h23.23.216,Orientation discrimination task_measures of signal detection,,2025.1.1,121.08217288692461,2025-09-09 12h23.40.454752 +0530,
47,0,47,0,up,1,0.8976252919965191,None,47,0,47,0,94.15699966700049,,94.14692233299138,94.15699966700049,95.1441531249875,95.15075087499281,96.04647562500031,0,up,1,0.8976252919965191,None,PARTICIPANT 1,001,2025-09-09_12h23.23.216,Orientation discrimination task_measures of signal detection,,2025.1.1,121.08217288692461,2025-09-09 12h23.40.454752 +0530,
48,0,48,0,up,1,1.0323143749992596,None,48,0,48,0,96.05858945799991,,96.04722962499363,96.05858945799991,97.04418162499496,97.05084008300037,98.07967829199333,0,up,1,1.0323143749992596,None,PARTICIPANT 1,001,2025-09-09_12h23.23.216,Orientation discrimination task_measures of signal detection,,2025.1.1,121.08217288692461,2025-09-09 12h23.40.454752 +0530,
49,0,49,0,up,1,0.7829338750016177,None,49,0,49,0,98.08967524999753,,98.08017808299337,98.08967524999753,99.07753254199633,99.08418349998828,99.86309208298917,0,up,1,0.7829338750016177,None,PARTICIPANT 1,001,2025-09-09_12h23.23.216,Orientation discrimination task_measures of signal detection,,2025.1.1,121.08217288692461,2025-09-09 12h23.40.454752 +0530,
50,0,50,0,up,1,0.9531475830008276,None,50,0,50,0,99.87362304198905,,99.8636905829917,99.87362304198905,100.86030545798712,100.86745129199699,101.81944079199457,0,up,1,0.9531475830008276,None,PARTICIPANT 1,001,2025-09-09_12h23.23.216,Orientation discrimination task_measures of signal detection,,2025.1.1,121.08217288692461,2025-09-09 12h23.40.454752 +0530,
51,0,51,0,up,1,1.4021777080051834,None,51,0,51,0,101.82964829199773,,101.81992966699181,101.82964829199773,102.81926083299913,102.82689279199985,104.22964920799132,0,up,1,1.4021777080051834,None,PARTICIPANT 1,001,2025-09-09_12h23.23.216,Orientation discrimination task_measures of signal detection,,2025.1.1,121.08217288692461,2025-09-09 12h23.40.454752 +0530,
52,0,52,0,up,1,0.7434851669968339,None,52,0,52,0,104.23902541698772,,104.23008487498737,104.23902541698772,105.22690299998794,105.23397762498644,105.97998783299408,0,up,1,0.7434851669968339,None,PARTICIPANT 1,001,2025-09-09_12h23.23.216,Orientation discrimination task_measures of signal detection,,2025.1.1,121.08217288692461,2025-09-09 12h23.40.454752 +0530,
53,0,53,-3,down,1,1.2125638750003418,None,53,0,53,0,105.98989966699446,,105.98056774999714,105.98989966699446,106.97689195799467,106.98345104198961,108.19706504199712,-3,down,1,1.2125638750003418,None,PARTICIPANT 1,001,2025-09-09_12h23.23.216,Orientation discrimination task_measures of signal detection,,2025.1.1,121.08217288692461,2025-09-09 12h23.40.454752 +0530,
54,0,54,-2,down,1,0.956895291004912,None,54,0,54,0,108.20789270800014,,108.19793299998855,108.20789270800014,109.19354608299909,109.20001454198791,110.1520632920001,-2,down,1,0.956895291004912,None,PARTICIPANT 1,001,2025-09-09_12h23.23.216,Orientation discrimination task_measures of signal detection,,2025.1.1,121.08217288692461,2025-09-09 12h23.40.454752 +0530,
55,0,55,0,up,1,0.935776457990869,None,55,0,55,0,110.16246020799736,,110.15254266699776,110.16246020799736,111.14365258299222,111.16120774998853,112.08585049999238,0,up,1,0.935776457990869,None,PARTICIPANT 1,001,2025-09-09_12h23.23.216,Orientation discrimination task_measures of signal detection,,2025.1.1,121.08217288692461,2025-09-09 12h23.40.454752 +0530,
56,0,56,0,down,0,5.510252666994347,None,56,0,56,0,112.11108249999234,,112.0864528749953,112.11108249999234,113.08650295798725,113.09967866700026,118.60305887499999,0,down,0,5.510252666994347,None,PARTICIPANT 1,001,2025-09-09_12h23.23.216,Orientation discrimination task_measures of signal detection,,2025.1.1,121.08217288692461,2025-09-09 12h23.40.454752 +0530,
57,0,57,0,up,1,0.7101859169924865,None,57,0,57,0,118.61268808299792,,118.60370466699533,118.61268808299792,119.60306874998787,119.61050037499808,120.3192504579929,0,up,1,0.7101859169924865,None,PARTICIPANT 1,001,2025-09-09_12h23.23.216,Orientation discrimination task_measures of signal detection,,2025.1.1,121.08217288692461,2025-09-09 12h23.40.454752 +0530,
58,0,58,0,up,1,0.7828567920078058,None,58,0,58,0,120.32953112499672,,120.31973479199223,120.32953112499672,121.31056883299607,121.32805399999779,122.09657574999437,0,up,1,0.7828567920078058,None,PARTICIPANT 1,001,2025-09-09_12h23.23.216,Orientation discrimination task_measures of signal detection,,2025.1.1,121.08217288692461,2025-09-09 12h23.40.454752 +0530,
59,0,59,0,down,0,1.1427020830014953,None,59,0,59,0,122.10674287499569,,122.09710591699695,122.10674287499569,123.09459554198838,123.10122370799945,124.24689287498768,0,down,0,1.1427020830014953,None,PARTICIPANT 1,001,2025-09-09_12h23.23.216,Orientation discrimination task_measures of signal detection,,2025.1.1,121.08217288692461,2025-09-09 12h23.40.454752 +0530,
60,0,60,0,up,1,1.025295167011791,None,60,0,60,0,124.25725166698976,,124.2474704579945,124.25725166698976,125.24388349999208,125.25113058299758,126.2803992919944,0,up,1,1.025295167011791,None,PARTICIPANT 1,001,2025-09-09_12h23.23.216,Orientation discrimination task_measures of signal detection,,2025.1.1,121.08217288692461,2025-09-09 12h23.40.454752 +0530,
61,0,61,4,down,1,0.7429092499951366,None,61,0,61,0,126.29057408298831,,126.2810427499935,126.29057408298831,127.27728308299265,127.2838699999993,128.03023316699546,4,down,1,0.7429092499951366,None,PARTICIPANT 1,001,2025-09-09_12h23.23.216,Orientation discrimination task_measures of signal detection,,2025.1.1,121.08217288692461,2025-09-09 12h23.40.454752 +0530,
62,0,62,0,down,0,0.9072550409910036,None,62,0,62,0,128.0415960419923,,128.03080174999195,128.0415960419923,129.0278784999973,129.035527,129.94765962498786,0,down,0,0.9072550409910036,None,PARTICIPANT 1,001,2025-09-09_12h23.23.216,Orientation discrimination task_measures of signal detection,,2025.1.1,121.08217288692461,2025-09-09 12h23.40.454752 +0530,
63,0,63,-4,down,1,0.8025690420035971,None,63,0,63,0,129.95902849998674,,129.9483314579993,129.95902849998674,130.94455949999974,130.9509873749921,131.75271466698905,-4,down,1,0.8025690420035971,None,PARTICIPANT 1,001,2025-09-09_12h23.23.216,Orientation discrimination task_measures of signal detection,,2025.1.1,121.08217288692461,2025-09-09 12h23.40.454752 +0530,
64,0,64,3,down,1,0.8832195420109201,None,64,0,64,0,131.76319574999798,,131.75330245798978,131.76319574999798,132.752919999999,132.76072420799755,133.64677745799418,3,down,1,0.8832195420109201,None,PARTICIPANT 1,001,2025-09-09_12h23.23.216,Orientation discrimination task_measures of signal detection,,2025.1.1,121.08217288692461,2025-09-09 12h23.40.454752 +0530,
65,0,65,1,up,0,0.7820505830022739,None,65,0,65,0,133.65741999998863,,133.6474582499941,133.65741999998863,134.6441079579963,134.65075358298782,135.4302684169961,1,up,0,0.7820505830022739,None,PARTICIPANT 1,001,2025-09-09_12h23.23.216,Orientation discrimination task_measures of signal detection,,2025.1.1,121.08217288692461,2025-09-09 12h23.40.454752 +0530,
66,0,66,0,up,1,2.658862666998175,None,66,0,66,0,135.44016299999203,,135.4307737499912,135.44016299999203,136.42821608298982,136.43490829199436,139.09736649999104,0,up,1,2.658862666998175,None,PARTICIPANT 1,001,2025-09-09_12h23.23.216,Orientation discrimination task_measures of signal detection,,2025.1.1,121.08217288692461,2025-09-09 12h23.40.454752 +0530,
67,0,67,0,up,1,0.8023804999975255,None,67,0,67,0,139.10775895799452,,139.09808891698776,139.10775895799452,140.0947375419928,140.10136208299082,140.9037968749908,0,up,1,0.8023804999975255,None,PARTICIPANT 1,001,2025-09-09_12h23.23.216,Orientation discrimination task_measures of signal detection,,2025.1.1,121.08217288692461,2025-09-09 12h23.40.454752 +0530,
68,0,68,3,down,1,0.5827346669975668,None,68,0,68,0,140.92898270799196,,140.90445124999678,140.92898270799196,141.90246208298777,141.91810341698874,142.49770491699746,3,down,1,0.5827346669975668,None,PARTICIPANT 1,001,2025-09-09_12h23.23.216,Orientation discrimination task_measures of signal detection,,2025.1.1,121.08217288692461,2025-09-09 12h23.40.454752 +0530,
69,0,69,0,up,1,0.897029041996575,None,69,0,69,0,142.5085807919968,,142.49847116699675,142.5085807919968,143.49421508298838,143.5014103329886,144.39737879199674,0,up,1,0.897029041996575,None,PARTICIPANT 1,001,2025-09-09_12h23.23.216,Orientation discrimination task_measures of signal detection,,2025.1.1,121.08217288692461,2025-09-09 12h23.40.454752 +0530,
70,0,70,-3,down,1,1.0254861249995884,None,70,0,70,0,144.40843174999463,,144.39795420799055,144.40843174999463,145.39482624999073,145.4016785829881,146.43059970799368,-3,down,1,1.0254861249995884,None,PARTICIPANT 1,001,2025-09-09_12h23.23.216,Orientation discrimination task_measures of signal detection,,2025.1.1,121.08217288692461,2025-09-09 12h23.40.454752 +0530,
71,0,71,2,down,1,0.5816062499943655,None,71,0,71,0,146.44159216700064,,146.43125716698705,146.44159216700064,147.42762020799273,147.434831999999,148.0148382079933,2,down,1,0.5816062499943655,None,PARTICIPANT 1,001,2025-09-09_12h23.23.216,Orientation discrimination task_measures of signal detection,,2025.1.1,121.08217288692461,2025-09-09 12h23.40.454752 +0530,
72,0,72,0,up,1,0.6931956250045914,None,72,0,72,0,148.025784707992,,148.01551962499798,148.025784707992,149.01096349999716,149.0182163749996,149.7138454579981,0,up,1,0.6931956250045914,None,PARTICIPANT 1,001,2025-09-09_12h23.23.216,Orientation discrimination task_measures of signal detection,,2025.1.1,121.08217288692461,2025-09-09 12h23.40.454752 +0530,
73,0,73,0,up,1,0.7122266250080429,None,73,0,73,0,149.72499829198932,,149.71444720799627,149.72499829198932,150.71089570799086,150.71757112498744,151.4308977920009,0,up,1,0.7122266250080429,None,PARTICIPANT 1,001,2025-09-09_12h23.23.216,Orientation discrimination task_measures of signal detection,,2025.1.1,121.08217288692461,2025-09-09 12h23.40.454752 +0530,
74,0,74,2,down,1,0.6326603339985013,None,74,0,74,0,151.44188095799473,,151.43154662499728,151.44188095799473,152.42758179199882,152.4341548329976,153.06432079199294,2,down,1,0.6326603339985013,None,PARTICIPANT 1,001,2025-09-09_12h23.23.216,Orientation discrimination task_measures of signal detection,,2025.1.1,121.08217288692461,2025-09-09 12h23.40.454752 +0530,
75,0,75,0,up,1,0.6840632499952335,None,75,0,75,0,153.076754624999,,153.0649969579972,153.076754624999,154.06110875000013,154.06827795799472,154.74743416698766,0,up,1,0.6840632499952335,None,PARTICIPANT 1,001,2025-09-09_12h23.23.216,Orientation discrimination task_measures of signal detection,,2025.1.1,121.08217288692461,2025-09-09 12h23.40.454752 +0530,
76,0,76,-2,down,1,0.7192052500031423,None,76,0,76,0,154.7581659169955,,154.7479952499998,154.7581659169955,155.74486524998792,155.75210054199852,156.46967879199656,-2,down,1,0.7192052500031423,None,PARTICIPANT 1,001,2025-09-09_12h23.23.216,Orientation discrimination task_measures of signal detection,,2025.1.1,121.08217288692461,2025-09-09 12h23.40.454752 +0530,
77,0,77,-3,up,0,0.624091582998517,None,77,0,77,0,156.49791749998985,,156.4702513749944,156.49791749998985,157.46104533299513,157.4946022919903,158.09726970799966,-3,up,0,0.624091582998517,None,PARTICIPANT 1,001,2025-09-09_12h23.23.216,Orientation discrimination task_measures of signal detection,,2025.1.1,121.08217288692461,2025-09-09 12h23.40.454752 +0530,
78,0,78,-5,down,1,0.687736624997342,None,78,0,78,0,158.10863149999932,,158.0979320419865,158.10863149999932,159.09535120798682,159.10175999999046,159.78762437499245,-5,down,1,0.687736624997342,None,PARTICIPANT 1,001,2025-09-09_12h23.23.216,Orientation discrimination task_measures of signal detection,,2025.1.1,121.08217288692461,2025-09-09 12h23.40.454752 +0530,
79,0,79,0,down,0,1.117614999995567,None,79,0,79,0,159.7991792499961,,159.78820004199224,159.7991792499961,160.78635633298836,160.79497016700043,161.91368854198663,0,down,0,1.117614999995567,None,PARTICIPANT 1,001,2025-09-09_12h23.23.216,Orientation discrimination task_measures of signal detection,,2025.1.1,121.08217288692461,2025-09-09 12h23.40.454752 +0530,
80,0,80,4,down,1,0.6083364170044661,None,80,0,80,0,161.92519358299614,,161.91429216699908,161.92519358299614,162.91168616698997,162.9183963329997,163.5313656669896,4,down,1,0.6083364170044661,None,PARTICIPANT 1,001,2025-09-09_12h23.23.216,Orientation discrimination task_measures of signal detection,,2025.1.1,121.08217288692461,2025-09-09 12h23.40.454752 +0530,
81,0,81,0,up,1,0.5987383329920704,None,81,0,81,0,163.54152954199526,,163.53192937499261,163.54152954199526,164.52840149999247,164.53514675000042,165.13065841699427,0,up,1,0.5987383329920704,None,PARTICIPANT 1,001,2025-09-09_12h23.23.216,Orientation discrimination task_measures of signal detection,,2025.1.1,121.08217288692461,2025-09-09 12h23.40.454752 +0530,
82,0,82,0,up,1,0.8662924579984974,None,82,0,82,0,165.14193858299404,,165.13121958299598,165.14193858299404,166.12786054199387,166.13546554200002,166.99823316698894,0,up,1,0.8662924579984974,None,PARTICIPANT 1,001,2025-09-09_12h23.23.216,Orientation discrimination task_measures of signal detection,,2025.1.1,121.08217288692461,2025-09-09 12h23.40.454752 +0530,
83,0,83,-2,up,0,0.6904999160033185,None,83,0,83,0,167.00972362500033,,166.9988640419906,167.00972362500033,167.99454462499125,168.00115329198889,168.68674341699807,-2,up,0,0.6904999160033185,None,PARTICIPANT 1,001,2025-09-09_12h23.23.216,Orientation discrimination task_measures of signal detection,,2025.1.1,121.08217288692461,2025-09-09 12h23.40.454752 +0530,
84,0,84,2,down,1,0.776569624998956,None,84,0,84,0,168.69704595798976,,168.68724620799185,168.69704595798976,169.68736499999068,169.69503791698662,170.47068183298688,2,down,1,0.776569624998956,None,PARTICIPANT 1,001,2025-09-09_12h23.23.216,Orientation discrimination task_measures of signal detection,,2025.1.1,121.08217288692461,2025-09-09 12h23.40.454752 +0530,
85,0,85,0,up,1,0.909356125004706,None,85,0,85,0,170.48166504199617,,170.4712657499913,170.48166504199617,171.47061129199574,171.47793020799872,172.3867012499977,0,up,1,0.909356125004706,None,PARTICIPANT 1,001,2025-09-09_12h23.23.216,Orientation discrimination task_measures of signal detection,,2025.1.1,121.08217288692461,2025-09-09 12h23.40.454752 +0530,
86,0,86,2,down,1,0.7934266249940265,None,86,0,86,0,172.4125759999879,,172.38734833299532,172.4125759999879,173.37857829198765,173.4018935419881,174.1809404999949,2,down,1,0.7934266249940265,None,PARTICIPANT 1,001,2025-09-09_12h23.23.216,Orientation discrimination task_measures of signal detection,,2025.1.1,121.08217288692461,2025-09-09 12h23.40.454752 +0530,
87,0,87,0,down,0,0.9718889590003528,None,87,0,87,0,174.19139104199712,,174.18151429199497,174.19139104199712,175.17804929199337,175.1847411669878,176.15306966699427,0,down,0,0.9718889590003528,None,PARTICIPANT 1,001,2025-09-09_12h23.23.216,Orientation discrimination task_measures of signal detection,,2025.1.1,121.08217288692461,2025-09-09 12h23.40.454752 +0530,
88,0,88,0,down,0,0.8571555830130819,None,88,0,88,0,176.1634994999913,,176.15353825000057,176.1634994999913,177.15383358299732,177.16125991698937,178.01423845799582,0,down,0,0.8571555830130819,None,PARTICIPANT 1,001,2025-09-09_12h23.23.216,Orientation discrimination task_measures of signal detection,,2025.1.1,121.08217288692461,2025-09-09 12h23.40.454752 +0530,
89,0,89,0,down,0,0.7099023329938063,None,89,0,89,0,178.0230105829978,,178.01465104198724,178.0230105829978,179.01211749999493,179.0186618329899,179.73085841699503,0,down,0,0.7099023329938063,None,PARTICIPANT 1,001,2025-09-09_12h23.23.216,Orientation discrimination task_measures of signal detection,,2025.1.1,121.08217288692461,2025-09-09 12h23.40.454752 +0530,
90,0,90,2,down,1,0.7472383339918451,None,90,0,90,0,179.74149441698682,,179.73140908298956,179.74149441698682,180.72787745798996,180.73479083299753,181.48129920799693,2,down,1,0.7472383339918451,None,PARTICIPANT 1,001,2025-09-09_12h23.23.216,Orientation discrimination task_measures of signal detection,,2025.1.1,121.08217288692461,2025-09-09 12h23.40.454752 +0530,
91,0,91,-5,down,1,0.6527853750012582,None,91,0,91,0,181.49152833299013,,181.4818513749924,181.49152833299013,182.47803716699127,182.4846077080001,183.1368258750008,-5,down,1,0.6527853750012582,None,PARTICIPANT 1,001,2025-09-09_12h23.23.216,Orientation discrimination task_measures of signal detection,,2025.1.1,121.08217288692461,2025-09-09 12h23.40.454752 +0530,
92,0,92,0,up,1,0.8815989170107059,None,92,0,92,0,183.1627263329865,,183.1373364579922,183.1627263329865,184.12823804198706,184.15189962499426,185.01390445799916,0,up,1,0.8815989170107059,None,PARTICIPANT 1,001,2025-09-09_12h23.23.216,Orientation discrimination task_measures of signal detection,,2025.1.1,121.08217288692461,2025-09-09 12h23.40.454752 +0530,
93,0,93,0,down,0,1.7691705000033835,None,93,0,93,0,185.0256757499883,,185.01438874998712,185.0256757499883,186.01162879199546,186.01926037498924,187.78745633299695,0,down,0,1.7691705000033835,None,PARTICIPANT 1,001,2025-09-09_12h23.23.216,Orientation discrimination task_measures of signal detection,,2025.1.1,121.08217288692461,2025-09-09 12h23.40.454752 +0530,
94,0,94,4,down,1,0.6877497499954188,None,94,0,94,0,187.79887874999258,,187.78811133299314,187.79887874999258,188.78621125000063,188.7958823749941,189.48091095799464,4,down,1,0.6877497499954188,None,PARTICIPANT 1,001,2025-09-09_12h23.23.216,Orientation discrimination task_measures of signal detection,,2025.1.1,121.08217288692461,2025-09-09 12h23.40.454752 +0530,
95,0,95,0,down,0,1.2871095419977792,None,95,0,95,0,189.4920036669937,,189.48132845798682,189.4920036669937,190.47886350000044,190.48563262498647,191.77074108298984,0,down,0,1.2871095419977792,None,PARTICIPANT 1,001,2025-09-09_12h23.23.216,Orientation discrimination task_measures of signal detection,,2025.1.1,121.08217288692461,2025-09-09 12h23.40.454752 +0530,
96,0,96,1,up,0,0.8758064169960562,None,96,0,96,0,191.78250233299332,,191.77155341699836,191.78250233299332,192.77100887498818,192.77803908298665,193.65365258298698,1,up,0,0.8758064169960562,None,PARTICIPANT 1,001,2025-09-09_12h23.23.216,Orientation discrimination task_measures of signal detection,,2025.1.1,121.08217288692461,2025-09-09 12h23.40.454752 +0530,
97,0,97,0,up,1,0.7737933329917723,None,97,0,97,0,193.67952649999643,,193.6541352919885,193.67952649999643,194.64500683298684,194.66877304199443,195.4210247919982,0,up,1,0.7737933329917723,None,PARTICIPANT 1,001,2025-09-09_12h23.23.216,Orientation discrimination task_measures of signal detection,,2025.1.1,121.08217288692461,2025-09-09 12h23.40.454752 +0530,
98,0,98,1,down,1,0.6852285000059055,None,98,0,98,0,195.4309602919966,,195.42162620800082,195.4309602919966,196.4135722919891,196.42078429200046,197.1034919169906,1,down,1,0.6852285000059055,None,PARTICIPANT 1,001,2025-09-09_12h23.23.216,Orientation discrimination task_measures of signal detection,,2025.1.1,121.08217288692461,2025-09-09 12h23.40.454752 +0530,
99,0,99,4,down,1,0.6109318329981761,None,99,0,99,0,197.12956208299147,,197.1041728329874,197.12956208299147,198.0949256249878,198.11918370799685,198.7149092079926,4,down,1,0.6109318329981761,None,PARTICIPANT 1,001,2025-09-09_12h23.23.216,Orientation discrimination task_measures of signal detection,,2025.1.1,121.08217288692461,2025-09-09 12h23.40.454752 +0530,
